"habitat","confidence_threshold","TP","FP","TN","FN","TPR","FPR","recall","precision","F_score1","F_score2","F_score3"
"alpine meadow",0.1,55,69,8263,73,0.4296875,0.00828132501200192,0.4296875,0.443548387096774,0.436507936507936,0.442708333333333,0.443406768837803
"alpine meadow",0.11,54,65,8267,74,0.421875,0.00780124819971195,0.421875,0.453781512605042,0.437246963562753,0.451771653543307,0.453441968739608
"alpine meadow",0.12,54,56,8276,74,0.421875,0.00672107537205953,0.421875,0.490909090909091,0.453781512605042,0.486228813559322,0.490115025161754
"alpine meadow",0.13,53,47,8285,75,0.4140625,0.00564090254440711,0.4140625,0.53,0.464912280701754,0.521412037037037,0.528534755134281
"alpine meadow",0.14,51,42,8290,77,0.3984375,0.00504080652904465,0.3984375,0.548387096774194,0.461538461538462,0.536509900990099,0.546351294017819
"alpine meadow",0.15,50,41,8291,78,0.390625,0.00492078732597216,0.390625,0.549450549450549,0.45662100456621,0.536616161616162,0.547247507585609
"alpine meadow",0.16,49,38,8294,79,0.3828125,0.00456072971675468,0.3828125,0.563218390804598,0.455813953488372,0.548026315789474,0.560602628001812
"alpine meadow",0.17,49,37,8295,79,0.3828125,0.00444071051368219,0.3828125,0.569767441860465,0.457943925233645,0.553856382978723,0.567025664527956
"alpine meadow",0.18,49,35,8296,80,0.37984496124031,0.00420117632937222,0.37984496124031,0.583333333333333,0.460093896713615,0.56551255940258,0.580255598546137
"alpine meadow",0.19,48,33,8298,81,0.372093023255814,0.00396110911055095,0.372093023255814,0.592592592592593,0.457142857142857,0.572631578947368,0.589135982500911
"alpine meadow",0.2,47,32,8299,82,0.364341085271318,0.00384107550114032,0.364341085271318,0.594936708860759,0.451923076923077,0.573582196697775,0.591231784780172
"alpine meadow",0.21,47,29,8302,82,0.364341085271318,0.00348097467290841,0.364341085271318,0.618421052631579,0.458536585365854,0.594052044609665,0.614180359684306
"alpine meadow",0.22,47,24,8307,82,0.364341085271318,0.00288080662585524,0.364341085271318,0.661971830985915,0.47,0.631620553359684,0.656660672292157
"alpine meadow",0.23,47,21,8310,82,0.364341085271318,0.00252070579762333,0.364341085271318,0.691176470588235,0.477157360406091,0.656532456861134,0.685091643815847
"alpine meadow",0.24,46,20,8311,83,0.356589147286822,0.0024006721882127,0.356589147286822,0.696969696969697,0.471794871794872,0.659915611814346,0.690444345370783
"alpine meadow",0.25,44,15,8316,85,0.341085271317829,0.00180050414115952,0.341085271317829,0.745762711864407,0.468085106382979,0.697110904007456,0.73710399734616
"alpine meadow",0.26,44,15,8316,85,0.341085271317829,0.00180050414115952,0.341085271317829,0.745762711864407,0.468085106382979,0.697110904007456,0.73710399734616
"alpine meadow",0.27,44,15,8316,85,0.341085271317829,0.00180050414115952,0.341085271317829,0.745762711864407,0.468085106382979,0.697110904007456,0.73710399734616
"alpine meadow",0.28,44,15,8316,85,0.341085271317829,0.00180050414115952,0.341085271317829,0.745762711864407,0.468085106382979,0.697110904007456,0.73710399734616
"alpine meadow",0.29,44,14,8317,85,0.341085271317829,0.00168047053174889,0.341085271317829,0.758620689655172,0.470588235294118,0.707663197729423,0.749536178107607
"alpine meadow",0.3,44,13,8318,85,0.341085271317829,0.00156043692233825,0.341085271317829,0.771929824561403,0.473118279569892,0.718539865513929,0.762394921942014
"alpine meadow",0.31,44,12,8319,85,0.341085271317829,0.00144040331292762,0.341085271317829,0.785714285714286,0.475675675675676,0.729756097560976,0.775702565892826
"alpine meadow",0.32,44,12,8319,85,0.341085271317829,0.00144040331292762,0.341085271317829,0.785714285714286,0.475675675675676,0.729756097560976,0.775702565892826
"alpine meadow",0.33,42,12,8319,87,0.325581395348837,0.00144040331292762,0.325581395348837,0.777777777777778,0.459016393442623,0.719033232628399,0.767227346717309
"alpine meadow",0.34,41,11,8320,88,0.317829457364341,0.00132036970351698,0.317829457364341,0.788461538461538,0.453038674033149,0.72528616024974,0.77706886845562
"alpine meadow",0.35,41,11,8320,88,0.317829457364341,0.00132036970351698,0.317829457364341,0.788461538461538,0.453038674033149,0.72528616024974,0.77706886845562
"alpine meadow",0.36,41,11,8320,88,0.317829457364341,0.00132036970351698,0.317829457364341,0.788461538461538,0.453038674033149,0.72528616024974,0.77706886845562
"alpine meadow",0.37,41,11,8320,88,0.317829457364341,0.00132036970351698,0.317829457364341,0.788461538461538,0.453038674033149,0.72528616024974,0.77706886845562
"alpine meadow",0.38,41,11,8320,88,0.317829457364341,0.00132036970351698,0.317829457364341,0.788461538461538,0.453038674033149,0.72528616024974,0.77706886845562
"alpine meadow",0.39,41,11,8320,88,0.317829457364341,0.00132036970351698,0.317829457364341,0.788461538461538,0.453038674033149,0.72528616024974,0.77706886845562
"alpine meadow",0.4,41,9,8322,88,0.317829457364341,0.00108030248469571,0.317829457364341,0.82,0.458100558659218,0.7502691065662,0.807369857672061
"alpine meadow",0.41,41,9,8322,88,0.317829457364341,0.00108030248469571,0.317829457364341,0.82,0.458100558659218,0.7502691065662,0.807369857672061
"alpine meadow",0.42,41,9,8322,88,0.317829457364341,0.00108030248469571,0.317829457364341,0.82,0.458100558659218,0.7502691065662,0.807369857672061
"alpine meadow",0.43,41,9,8322,88,0.317829457364341,0.00108030248469571,0.317829457364341,0.82,0.458100558659218,0.7502691065662,0.807369857672061
"alpine meadow",0.44,41,8,8323,88,0.317829457364341,0.00096026887528508,0.317829457364341,0.836734693877551,0.460674157303371,0.76341730558598,0.823424139988069
"alpine meadow",0.45,39,8,8323,90,0.302325581395349,0.00096026887528508,0.302325581395349,0.829787234042553,0.443181818181818,0.75255391600454,0.815696831642162
"alpine meadow",0.46,39,6,8325,90,0.302325581395349,0.00072020165646381,0.302325581395349,0.866666666666667,0.448275862068965,0.780918727915194,0.850939727802981
"alpine meadow",0.47,39,6,8325,90,0.302325581395349,0.00072020165646381,0.302325581395349,0.866666666666667,0.448275862068965,0.780918727915194,0.850939727802981
"alpine meadow",0.48,39,6,8325,90,0.302325581395349,0.00072020165646381,0.302325581395349,0.866666666666667,0.448275862068965,0.780918727915194,0.850939727802981
"alpine meadow",0.49,39,5,8326,90,0.302325581395349,0.000600168047053175,0.302325581395349,0.886363636363636,0.450867052023121,0.795918367346939,0.869728416869066
"alpine meadow",0.5,38,5,8326,91,0.294573643410853,0.000600168047053175,0.294573643410853,0.883720930232558,0.441860465116279,0.790697674418605,0.866561300519305
"alpine meadow",0.51,38,5,8326,91,0.294573643410853,0.000600168047053175,0.294573643410853,0.883720930232558,0.441860465116279,0.790697674418605,0.866561300519305
"alpine meadow",0.52,35,4,8327,94,0.271317829457364,0.00048013443764254,0.271317829457364,0.897435897435897,0.416666666666667,0.790172642762284,0.877388930255646
"alpine meadow",0.53,35,4,8327,94,0.271317829457364,0.00048013443764254,0.271317829457364,0.897435897435897,0.416666666666667,0.790172642762284,0.877388930255646
"alpine meadow",0.54,35,4,8327,94,0.271317829457364,0.00048013443764254,0.271317829457364,0.897435897435897,0.416666666666667,0.790172642762284,0.877388930255646
"alpine meadow",0.55,34,4,8327,95,0.263565891472868,0.00048013443764254,0.263565891472868,0.894736842105263,0.407185628742515,0.784260515603799,0.874013743955205
"alpine meadow",0.56,34,4,8327,95,0.263565891472868,0.00048013443764254,0.263565891472868,0.894736842105263,0.407185628742515,0.784260515603799,0.874013743955205
"alpine meadow",0.57,33,4,8327,96,0.255813953488372,0.00048013443764254,0.255813953488372,0.891891891891892,0.397590361445783,0.778085991678225,0.870462261687125
"alpine meadow",0.58,33,4,8327,96,0.255813953488372,0.00048013443764254,0.255813953488372,0.891891891891892,0.397590361445783,0.778085991678225,0.870462261687125
"alpine meadow",0.59,32,4,8327,97,0.248062015503876,0.00048013443764254,0.248062015503876,0.888888888888889,0.387878787878788,0.771631205673759,0.866720300348619
"alpine meadow",0.6,32,3,8328,97,0.248062015503876,0.000360100828231905,0.248062015503876,0.914285714285714,0.390243902439024,0.78955007256894,0.890603472030863
"alpine meadow",0.61,32,3,8328,97,0.248062015503876,0.000360100828231905,0.248062015503876,0.914285714285714,0.390243902439024,0.78955007256894,0.890603472030863
"alpine meadow",0.62,31,3,8328,98,0.24031007751938,0.000360100828231905,0.24031007751938,0.911764705882353,0.380368098159509,0.783060921248143,0.887220175687163
"alpine meadow",0.63,31,3,8328,98,0.24031007751938,0.000360100828231905,0.24031007751938,0.911764705882353,0.380368098159509,0.783060921248143,0.887220175687163
"alpine meadow",0.64,31,3,8328,98,0.24031007751938,0.000360100828231905,0.24031007751938,0.911764705882353,0.380368098159509,0.783060921248143,0.887220175687163
"alpine meadow",0.65,30,3,8328,99,0.232558139534884,0.000360100828231905,0.232558139534884,0.909090909090909,0.37037037037037,0.776255707762557,0.883639545056868
"alpine meadow",0.66,30,3,8328,99,0.232558139534884,0.000360100828231905,0.232558139534884,0.909090909090909,0.37037037037037,0.776255707762557,0.883639545056868
"alpine meadow",0.67,30,3,8328,99,0.232558139534884,0.000360100828231905,0.232558139534884,0.909090909090909,0.37037037037037,0.776255707762557,0.883639545056868
"alpine meadow",0.68,29,3,8328,100,0.224806201550388,0.000360100828231905,0.224806201550388,0.90625,0.360248447204969,0.769110764430577,0.879843796936017
"alpine meadow",0.69,29,2,8329,100,0.224806201550388,0.00024006721882127,0.224806201550388,0.935483870967742,0.3625,0.7888,0.907091978940848
"alpine meadow",0.7,28,2,8329,101,0.217054263565891,0.00024006721882127,0.217054263565891,0.933333333333333,0.352201257861635,0.781609195402299,0.903803131991051
"alpine meadow",0.71,27,2,8329,102,0.209302325581395,0.00024006721882127,0.209302325581395,0.931034482758621,0.341772151898734,0.774030354131535,0.900297127764939
"alpine meadow",0.72,27,2,8329,102,0.209302325581395,0.00024006721882127,0.209302325581395,0.931034482758621,0.341772151898734,0.774030354131535,0.900297127764939
"alpine meadow",0.73,27,2,8329,102,0.209302325581395,0.00024006721882127,0.209302325581395,0.931034482758621,0.341772151898734,0.774030354131535,0.900297127764939
"alpine meadow",0.74,27,2,8329,102,0.209302325581395,0.00024006721882127,0.209302325581395,0.931034482758621,0.341772151898734,0.774030354131535,0.900297127764939
"alpine meadow",0.75,26,1,8330,103,0.201550387596899,0.000120033609410635,0.201550387596899,0.962962962962963,0.333333333333333,0.787878787878788,0.928243195475433
"alpine meadow",0.76,26,1,8330,103,0.201550387596899,0.000120033609410635,0.201550387596899,0.962962962962963,0.333333333333333,0.787878787878788,0.928243195475433
"alpine meadow",0.77,26,0,8331,103,0.201550387596899,0,0.201550387596899,1,0.335483870967742,0.811009174311927,0.962257237083181
"alpine meadow",0.78,26,0,8331,103,0.201550387596899,0,0.201550387596899,1,0.335483870967742,0.811009174311927,0.962257237083181
"alpine meadow",0.79,26,0,8331,103,0.201550387596899,0,0.201550387596899,1,0.335483870967742,0.811009174311927,0.962257237083181
"alpine meadow",0.8,26,0,8331,103,0.201550387596899,0,0.201550387596899,1,0.335483870967742,0.811009174311927,0.962257237083181
"alpine meadow",0.81,23,0,8331,106,0.178294573643411,0,0.178294573643411,1,0.302631578947368,0.786720321931589,0.956360642239605
"alpine meadow",0.82,23,0,8331,106,0.178294573643411,0,0.178294573643411,1,0.302631578947368,0.786720321931589,0.956360642239605
"alpine meadow",0.83,22,0,8331,107,0.170542635658915,0,0.170542635658915,1,0.291390728476821,0.777546777546777,0.954057535422928
"alpine meadow",0.84,21,0,8331,108,0.162790697674419,0,0.162790697674419,1,0.28,0.767741935483871,0.951547779273217
"alpine meadow",0.85,21,0,8331,108,0.162790697674419,0,0.162790697674419,1,0.28,0.767741935483871,0.951547779273217
"alpine meadow",0.86,20,0,8331,109,0.155038759689922,0,0.155038759689922,1,0.268456375838926,0.757238307349666,0.948802254579615
"alpine meadow",0.87,19,0,8331,110,0.147286821705426,0,0.147286821705426,1,0.256756756756757,0.745958429561201,0.945786101527846
"alpine meadow",0.88,19,0,8331,110,0.147286821705426,0,0.147286821705426,1,0.256756756756757,0.745958429561201,0.945786101527846
"alpine meadow",0.89,18,0,8331,111,0.13953488372093,0,0.13953488372093,1,0.244897959183673,0.733812949640288,0.942457231726283
"alpine meadow",0.9,18,0,8331,111,0.13953488372093,0,0.13953488372093,1,0.244897959183673,0.733812949640288,0.942457231726283
"alpine meadow",0.91,17,0,8331,112,0.131782945736434,0,0.131782945736434,1,0.232876712328767,0.72069825436409,0.938764352104975
"alpine meadow",0.92,14,0,8331,115,0.108527131782946,0,0.108527131782946,1,0.195804195804196,0.674220963172805,0.924787442773054
"alpine meadow",0.93,14,0,8331,115,0.108527131782946,0,0.108527131782946,1,0.195804195804196,0.674220963172805,0.924787442773054
"alpine meadow",0.94,13,0,8331,116,0.10077519379845,0,0.10077519379845,1,0.183098591549296,0.655786350148368,0.918824352694192
"alpine meadow",0.95,13,0,8331,116,0.10077519379845,0,0.10077519379845,1,0.183098591549296,0.655786350148368,0.918824352694192
"alpine meadow",0.96,12,0,8331,117,0.0930232558139535,0,0.0930232558139535,1,0.170212765957447,0.635514018691589,0.91196388261851
"alpine meadow",0.97,11,0,8331,118,0.0852713178294574,0,0.0852713178294574,1,0.157142857142857,0.613114754098361,0.903986981285598
"alpine meadow",0.98,10,0,8331,119,0.0775193798449612,0,0.0775193798449612,1,0.143884892086331,0.588235294117647,0.894596988485385
"alpine meadow",0.99,7,0,8331,122,0.0542635658914729,0,0.0542635658914729,1,0.102941176470588,0.493775933609958,0.852834740651387
"crop",0.1,65,107,7021,163,0.285087719298246,0.0150112233445567,0.285087719298246,0.377906976744186,0.325,0.370805369127517,0.376692678448474
"crop",0.11,63,88,7040,165,0.276315789473684,0.0123456790123457,0.276315789473684,0.417218543046358,0.33245382585752,0.405068078668684,0.415122651356994
"crop",0.12,60,75,7053,168,0.263157894736842,0.0105218855218855,0.263157894736842,0.444444444444444,0.330578512396694,0.42713567839196,0.441433566433566
"crop",0.13,57,67,7060,172,0.248908296943231,0.00940086993124737,0.248908296943231,0.459677419354839,0.322946175637394,0.437867148666968,0.455855570512313
"crop",0.14,56,56,7071,173,0.244541484716157,0.00785744352462467,0.244541484716157,0.5,0.328445747800586,0.47105393369619,0.494881441945927
"crop",0.15,54,49,7078,175,0.235807860262009,0.00687526308404658,0.235807860262009,0.524271844660194,0.325301204819277,0.48907831646244,0.517997910532814
"crop",0.16,51,44,7083,178,0.222707423580786,0.00617370562649081,0.222707423580786,0.536842105263158,0.314814814814815,0.495711835334477,0.529448041936479
"crop",0.17,51,41,7086,178,0.222707423580786,0.00575277115195735,0.222707423580786,0.554347826086957,0.317757009345794,0.509700176366843,0.546293350302259
"crop",0.18,49,35,7091,181,0.21304347826087,0.00491159135559921,0.21304347826087,0.583333333333333,0.312101910828025,0.529224904701398,0.573464658169177
"crop",0.19,48,33,7093,182,0.208695652173913,0.00463092899242212,0.208695652173913,0.592592592592593,0.308681672025723,0.534731323722149,0.581992797118847
"crop",0.2,46,28,7098,184,0.2,0.00392927308447937,0.2,0.621621621621622,0.302631578947368,0.553041018387553,0.608912188728702
"crop",0.21,44,26,7100,186,0.191304347826087,0.00364861072130227,0.191304347826087,0.628571428571429,0.293333333333333,0.554074074074074,0.614661134163209
"crop",0.22,42,25,7101,188,0.182608695652174,0.00350827953971372,0.182608695652174,0.626865671641791,0.282828282828283,0.548387096774194,0.612121212121212
"crop",0.23,40,23,7103,190,0.173913043478261,0.00322761717653663,0.173913043478261,0.634920634920635,0.273037542662116,0.549273021001615,0.618683001531394
"crop",0.24,40,23,7103,190,0.173913043478261,0.00322761717653663,0.173913043478261,0.634920634920635,0.273037542662116,0.549273021001615,0.618683001531394
"crop",0.25,37,23,7103,193,0.160869565217391,0.00322761717653663,0.160869565217391,0.616666666666667,0.255172413793103,0.528571428571429,0.59983948635634
"crop",0.26,37,23,7103,193,0.160869565217391,0.00322761717653663,0.160869565217391,0.616666666666667,0.255172413793103,0.528571428571429,0.59983948635634
"crop",0.27,37,21,7105,193,0.160869565217391,0.00294695481335953,0.160869565217391,0.637931034482759,0.256944444444444,0.543177892918826,0.619734660033168
"crop",0.28,36,20,7106,194,0.156521739130435,0.00280662363177098,0.156521739130435,0.642857142857143,0.251748251748252,0.543516873889876,0.623670668953688
"crop",0.29,35,19,7107,195,0.152173913043478,0.00266629245018243,0.152173913043478,0.648148148148148,0.246478873239437,0.543875685557587,0.627886323268206
"crop",0.3,35,17,7109,195,0.152173913043478,0.00238563008700533,0.152173913043478,0.673076923076923,0.24822695035461,0.560263653483993,0.651012891344383
"crop",0.31,34,15,7111,196,0.147826086956522,0.00210496772382823,0.147826086956522,0.693877551020408,0.243727598566308,0.570019723865878,0.669395711500975
"crop",0.32,34,12,7114,196,0.147826086956522,0.00168397417906259,0.147826086956522,0.739130434782609,0.246376811594203,0.598343685300207,0.710973084886128
"crop",0.33,33,12,7114,197,0.143478260869565,0.00168397417906259,0.143478260869565,0.733333333333333,0.24,0.590526315789474,0.704651162790698
"crop",0.34,33,11,7115,197,0.143478260869565,0.00154364299747404,0.143478260869565,0.75,0.240875912408759,0.600642398286938,0.719870410367171
"crop",0.35,32,11,7115,198,0.139130434782609,0.00154364299747404,0.139130434782609,0.744186046511628,0.234432234432234,0.592592592592593,0.713465783664459
"crop",0.36,32,11,7115,198,0.139130434782609,0.00154364299747404,0.139130434782609,0.744186046511628,0.234432234432234,0.592592592592593,0.713465783664459
"crop",0.37,32,11,7115,198,0.139130434782609,0.00154364299747404,0.139130434782609,0.744186046511628,0.234432234432234,0.592592592592593,0.713465783664459
"crop",0.38,31,11,7115,199,0.134782608695652,0.00154364299747404,0.134782608695652,0.738095238095238,0.227941176470588,0.584257206208426,0.706772009029345
"crop",0.39,31,11,7115,199,0.134782608695652,0.00154364299747404,0.134782608695652,0.738095238095238,0.227941176470588,0.584257206208426,0.706772009029345
"crop",0.4,31,11,7115,199,0.134782608695652,0.00154364299747404,0.134782608695652,0.738095238095238,0.227941176470588,0.584257206208426,0.706772009029345
"crop",0.41,31,10,7116,199,0.134782608695652,0.00140331181588549,0.134782608695652,0.75609756097561,0.228782287822878,0.594808126410835,0.723094688221709
"crop",0.42,31,10,7116,199,0.134782608695652,0.00140331181588549,0.134782608695652,0.75609756097561,0.228782287822878,0.594808126410835,0.723094688221709
"crop",0.43,30,8,7118,200,0.130434782608696,0.00112264945270839,0.130434782608696,0.789473684210526,0.223880597014925,0.608591885441527,0.751861042183623
"crop",0.44,30,8,7118,200,0.130434782608696,0.00112264945270839,0.130434782608696,0.789473684210526,0.223880597014925,0.608591885441527,0.751861042183623
"crop",0.45,30,8,7118,200,0.130434782608696,0.00112264945270839,0.130434782608696,0.789473684210526,0.223880597014925,0.608591885441527,0.751861042183623
"crop",0.46,30,8,7118,200,0.130434782608696,0.00112264945270839,0.130434782608696,0.789473684210526,0.223880597014925,0.608591885441527,0.751861042183623
"crop",0.47,29,8,7118,201,0.126086956521739,0.00112264945270839,0.126086956521739,0.783783783783784,0.217228464419476,0.599756690997567,0.74529262086514
"crop",0.48,29,7,7119,201,0.126086956521739,0.000982318271119843,0.126086956521739,0.805555555555556,0.218045112781955,0.61166253101737,0.764751958224543
"crop",0.49,29,7,7119,201,0.126086956521739,0.000982318271119843,0.126086956521739,0.805555555555556,0.218045112781955,0.61166253101737,0.764751958224543
"crop",0.5,28,6,7120,202,0.121739130434783,0.000841987089531294,0.121739130434783,0.823529411764706,0.212121212121212,0.614987080103359,0.779063360881543
"crop",0.51,27,6,7120,203,0.117391304347826,0.000841987089531294,0.117391304347826,0.818181818181818,0.20532319391635,0.605540897097625,0.772521246458924
"crop",0.52,27,5,7121,203,0.117391304347826,0.000701655907942745,0.117391304347826,0.84375,0.206106870229008,0.618598382749326,0.795043731778426
"crop",0.53,27,4,7122,203,0.117391304347826,0.000561324726354196,0.117391304347826,0.870967741935484,0.206896551724138,0.632231404958678,0.818918918918919
"crop",0.54,26,4,7122,204,0.11304347826087,0.000561324726354196,0.11304347826087,0.866666666666667,0.2,0.622535211267606,0.813003095975232
"crop",0.55,26,4,7122,204,0.11304347826087,0.000561324726354196,0.11304347826087,0.866666666666667,0.2,0.622535211267606,0.813003095975232
"crop",0.56,25,4,7122,205,0.108695652173913,0.000561324726354196,0.108695652173913,0.862068965517241,0.193050193050193,0.612391930835735,0.806709265175719
"crop",0.57,25,3,7123,205,0.108695652173913,0.000420993544765647,0.108695652173913,0.892857142857143,0.193798449612403,0.626843657817109,0.833333333333333
"crop",0.58,25,3,7123,205,0.108695652173913,0.000420993544765647,0.108695652173913,0.892857142857143,0.193798449612403,0.626843657817109,0.833333333333333
"crop",0.59,24,2,7124,206,0.104347826086957,0.000280662363177098,0.104347826086957,0.923076923076923,0.1875,0.631578947368421,0.856537102473498
"crop",0.6,24,2,7124,206,0.104347826086957,0.000280662363177098,0.104347826086957,0.923076923076923,0.1875,0.631578947368421,0.856537102473498
"crop",0.61,23,2,7124,207,0.1,0.000280662363177098,0.1,0.92,0.180392156862745,0.620634920634921,0.850915750915751
"crop",0.62,23,2,7124,207,0.1,0.000280662363177098,0.1,0.92,0.180392156862745,0.620634920634921,0.850915750915751
"crop",0.63,22,2,7124,208,0.0956521739130435,0.000280662363177098,0.0956521739130435,0.916666666666667,0.173228346456693,0.609120521172638,0.844866920152091
"crop",0.64,21,2,7124,209,0.091304347826087,0.000280662363177098,0.091304347826087,0.91304347826087,0.16600790513834,0.596989966555184,0.838339920948617
"crop",0.65,21,2,7124,209,0.091304347826087,0.000280662363177098,0.091304347826087,0.91304347826087,0.16600790513834,0.596989966555184,0.838339920948617
"crop",0.66,21,2,7124,209,0.091304347826087,0.000280662363177098,0.091304347826087,0.91304347826087,0.16600790513834,0.596989966555184,0.838339920948617
"crop",0.67,19,2,7124,211,0.0826086956521739,0.000280662363177098,0.0826086956521739,0.904761904761905,0.151394422310757,0.570671378091873,0.823605150214592
"crop",0.68,17,2,7124,213,0.0739130434782609,0.000280662363177098,0.0739130434782609,0.894736842105263,0.136546184738956,0.541198501872659,0.806103286384976
"crop",0.69,17,2,7124,213,0.0739130434782609,0.000280662363177098,0.0739130434782609,0.894736842105263,0.136546184738956,0.541198501872659,0.806103286384976
"crop",0.7,17,2,7124,213,0.0739130434782609,0.000280662363177098,0.0739130434782609,0.894736842105263,0.136546184738956,0.541198501872659,0.806103286384976
"crop",0.71,17,2,7124,213,0.0739130434782609,0.000280662363177098,0.0739130434782609,0.894736842105263,0.136546184738956,0.541198501872659,0.806103286384976
"crop",0.72,17,2,7124,213,0.0739130434782609,0.000280662363177098,0.0739130434782609,0.894736842105263,0.136546184738956,0.541198501872659,0.806103286384976
"crop",0.73,17,2,7124,213,0.0739130434782609,0.000280662363177098,0.0739130434782609,0.894736842105263,0.136546184738956,0.541198501872659,0.806103286384976
"crop",0.74,17,2,7124,213,0.0739130434782609,0.000280662363177098,0.0739130434782609,0.894736842105263,0.136546184738956,0.541198501872659,0.806103286384976
"crop",0.75,17,2,7124,213,0.0739130434782609,0.000280662363177098,0.0739130434782609,0.894736842105263,0.136546184738956,0.541198501872659,0.806103286384976
"crop",0.76,16,2,7124,214,0.0695652173913043,0.000280662363177098,0.0695652173913043,0.888888888888889,0.129032258064516,0.525096525096525,0.796059113300493
"crop",0.77,16,2,7124,214,0.0695652173913043,0.000280662363177098,0.0695652173913043,0.888888888888889,0.129032258064516,0.525096525096525,0.796059113300493
"crop",0.78,15,2,7124,215,0.0652173913043478,0.000280662363177098,0.0652173913043478,0.882352941176471,0.121457489878543,0.50796812749004,0.784974093264249
"crop",0.79,14,2,7124,216,0.0608695652173913,0.000280662363177098,0.0608695652173913,0.875,0.113821138211382,0.489711934156379,0.772677595628415
"crop",0.8,14,2,7124,216,0.0608695652173913,0.000280662363177098,0.0608695652173913,0.875,0.113821138211382,0.489711934156379,0.772677595628415
"crop",0.81,13,1,7125,217,0.0565217391304348,0.000140331181588549,0.0565217391304348,0.928571428571429,0.10655737704918,0.486784140969163,0.805521472392638
"crop",0.82,13,1,7125,217,0.0565217391304348,0.000140331181588549,0.0565217391304348,0.928571428571429,0.10655737704918,0.486784140969163,0.805521472392638
"crop",0.83,13,1,7125,217,0.0565217391304348,0.000140331181588549,0.0565217391304348,0.928571428571429,0.10655737704918,0.486784140969163,0.805521472392638
"crop",0.84,13,1,7125,217,0.0565217391304348,0.000140331181588549,0.0565217391304348,0.928571428571429,0.10655737704918,0.486784140969163,0.805521472392638
"crop",0.85,13,1,7125,217,0.0565217391304348,0.000140331181588549,0.0565217391304348,0.928571428571429,0.10655737704918,0.486784140969163,0.805521472392638
"crop",0.86,13,1,7125,217,0.0565217391304348,0.000140331181588549,0.0565217391304348,0.928571428571429,0.10655737704918,0.486784140969163,0.805521472392638
"crop",0.87,13,0,7126,217,0.0565217391304348,0,0.0565217391304348,1,0.106995884773663,0.504566210045662,0.858169934640523
"crop",0.88,11,0,7126,219,0.0478260869565217,0,0.0478260869565217,1,0.0912863070539419,0.460591133004926,0.835338345864662
"crop",0.89,11,0,7126,219,0.0478260869565217,0,0.0478260869565217,1,0.0912863070539419,0.460591133004926,0.835338345864662
"crop",0.9,10,0,7126,220,0.0434782608695652,0,0.0434782608695652,1,0.0833333333333333,0.435897435897436,0.821138211382114
"crop",0.91,8,0,7126,222,0.0347826086956522,0,0.0347826086956522,1,0.0672268907563025,0.379888268156425,0.784466019417476
"crop",0.92,6,0,7126,224,0.0260869565217391,0,0.0260869565217391,1,0.0508474576271186,0.312883435582822,0.730120481927711
"crop",0.93,5,0,7126,225,0.0217391304347826,0,0.0217391304347826,1,0.0425531914893617,0.274193548387097,0.691780821917808
"crop",0.94,5,0,7126,225,0.0217391304347826,0,0.0217391304347826,1,0.0425531914893617,0.274193548387097,0.691780821917808
"crop",0.95,5,0,7126,225,0.0217391304347826,0,0.0217391304347826,1,0.0425531914893617,0.274193548387097,0.691780821917808
"crop",0.96,5,0,7126,225,0.0217391304347826,0,0.0217391304347826,1,0.0425531914893617,0.274193548387097,0.691780821917808
"crop",0.97,5,0,7126,225,0.0217391304347826,0,0.0217391304347826,1,0.0425531914893617,0.274193548387097,0.691780821917808
"crop",0.98,5,0,7126,225,0.0217391304347826,0,0.0217391304347826,1,0.0425531914893617,0.274193548387097,0.691780821917808
"crop",0.99,3,0,7126,227,0.0130434782608696,0,0.0130434782608696,1,0.0257510729613734,0.183453237410072,0.571698113207547
"grassland",0.1,89,108,8731,189,0.320143884892086,0.0122185767620772,0.320143884892086,0.451776649746193,0.374736842105263,0.441107871720117,0.449944939433377
"grassland",0.11,89,102,8736,190,0.318996415770609,0.011541072640869,0.318996415770609,0.465968586387435,0.378723404255319,0.453673163418291,0.463852623974405
"grassland",0.12,86,93,8744,194,0.307142857142857,0.010523933461582,0.307142857142857,0.480446927374302,0.374727668845316,0.46501272264631,0.477777777777778
"grassland",0.13,81,84,8753,199,0.289285714285714,0.0095054882878805,0.289285714285714,0.490909090909091,0.364044943820225,0.471575342465753,0.487544696066746
"grassland",0.14,80,67,8767,203,0.282685512367491,0.00758433325786733,0.282685512367491,0.54421768707483,0.372093023255814,0.516129032258065,0.539277848227992
"grassland",0.15,79,58,8775,205,0.278169014084507,0.00656628552020831,0.278169014084507,0.576642335766423,0.375296912114014,0.542407108239095,0.57058066361556
"grassland",0.16,77,51,8782,207,0.27112676056338,0.00577380278501075,0.27112676056338,0.6015625,0.37378640776699,0.561320754716981,0.594390094772241
"grassland",0.17,73,49,8783,212,0.256140350877193,0.00554800724637681,0.256140350877193,0.598360655737705,0.358722358722359,0.554760840411265,0.590548658390068
"grassland",0.18,73,48,8784,212,0.256140350877193,0.00543478260869565,0.256140350877193,0.603305785123967,0.359605911330049,0.558757316524088,0.595316915623738
"grassland",0.19,73,42,8789,213,0.255244755244755,0.00475597327595969,0.255244755244755,0.634782608695652,0.364089775561097,0.583725305738476,0.625572713388766
"grassland",0.2,73,40,8791,213,0.255244755244755,0.00452949835805685,0.255244755244755,0.646017699115044,0.365914786967419,0.592645654250239,0.636371482824098
"grassland",0.21,73,38,8793,213,0.255244755244755,0.004303023440154,0.255244755244755,0.657657657657658,0.367758186397985,0.60184287099903,0.647549622343229
"grassland",0.22,70,37,8794,216,0.244755244755245,0.00418978598120258,0.244755244755245,0.654205607476635,0.356234096692112,0.595595595595596,0.643546331694884
"grassland",0.23,69,34,8797,217,0.241258741258741,0.00385007360434832,0.241258741258741,0.669902912621359,0.354755784061697,0.606514994829369,0.658322312488192
"grassland",0.24,67,33,8798,219,0.234265734265734,0.0037368361453969,0.234265734265734,0.67,0.347150259067358,0.603923647932131,0.657884503208244
"grassland",0.25,66,31,8800,220,0.230769230769231,0.00351036122749405,0.230769230769231,0.680412371134021,0.344647519582245,0.61044613710555,0.667534548367715
"grassland",0.26,66,29,8802,220,0.230769230769231,0.00328388630959121,0.230769230769231,0.694736842105263,0.346456692913386,0.621262458471761,0.681177191906806
"grassland",0.27,66,27,8804,220,0.230769230769231,0.00305741139168837,0.230769230769231,0.709677419354839,0.348284960422164,0.632468996617813,0.695389109117463
"grassland",0.28,65,26,8805,221,0.227272727272727,0.00294417393273695,0.227272727272727,0.714285714285714,0.344827586206897,0.634328358208955,0.699445983379501
"grassland",0.29,65,26,8805,221,0.227272727272727,0.00294417393273695,0.227272727272727,0.714285714285714,0.344827586206897,0.634328358208955,0.699445983379501
"grassland",0.3,63,22,8809,223,0.22027972027972,0.00249122409693126,0.22027972027972,0.741176470588235,0.339622641509434,0.650668286755772,0.724220350557705
"grassland",0.31,63,21,8810,223,0.22027972027972,0.00237798663797984,0.22027972027972,0.75,0.340540540540541,0.657055214723926,0.732558139534884
"grassland",0.32,62,20,8811,224,0.216783216783217,0.00226474917902842,0.216783216783217,0.75609756097561,0.33695652173913,0.659574468085106,0.737921282111713
"grassland",0.33,62,18,8813,224,0.216783216783217,0.00203827426112558,0.216783216783217,0.775,0.33879781420765,0.673052362707535,0.755732560946174
"grassland",0.34,62,18,8813,224,0.216783216783217,0.00203827426112558,0.216783216783217,0.775,0.33879781420765,0.673052362707535,0.755732560946174
"grassland",0.35,61,17,8814,225,0.213286713286713,0.00192503680217416,0.213286713286713,0.782051282051282,0.335164835164835,0.676010430247718,0.761934207271828
"grassland",0.36,60,17,8814,226,0.20979020979021,0.00192503680217416,0.20979020979021,0.779220779220779,0.330578512396694,0.671936758893281,0.758827948910594
"grassland",0.37,60,16,8815,226,0.20979020979021,0.00181179934322274,0.20979020979021,0.789473684210526,0.331491712707182,0.679094540612517,0.768450418463099
"grassland",0.38,58,16,8815,228,0.202797202797203,0.00181179934322274,0.202797202797203,0.783783783783784,0.322222222222222,0.670748299319728,0.762164975279729
"grassland",0.39,58,15,8816,228,0.202797202797203,0.00169856188427132,0.202797202797203,0.794520547945205,0.323119777158774,0.678129298486933,0.772211969417348
"grassland",0.4,56,15,8816,230,0.195804195804196,0.00169856188427132,0.195804195804196,0.788732394366197,0.313725490196078,0.669479606188467,0.765773084213377
"grassland",0.41,55,15,8816,231,0.192307692307692,0.00169856188427132,0.192307692307692,0.785714285714286,0.308988764044944,0.665007112375533,0.762421081526215
"grassland",0.42,55,15,8816,231,0.192307692307692,0.00169856188427132,0.192307692307692,0.785714285714286,0.308988764044944,0.665007112375533,0.762421081526215
"grassland",0.43,53,15,8816,233,0.185314685314685,0.00169856188427132,0.185314685314685,0.779411764705882,0.299435028248588,0.655749636098981,0.755433248659328
"grassland",0.44,53,14,8817,233,0.185314685314685,0.0015853244253199,0.185314685314685,0.791044776119403,0.30028328611898,0.663475699558174,0.766246779272831
"grassland",0.45,52,13,8818,234,0.181818181818182,0.00147208696636847,0.181818181818182,0.8,0.296296296296296,0.666666666666667,0.773946360153257
"grassland",0.46,52,13,8818,234,0.181818181818182,0.00147208696636847,0.181818181818182,0.8,0.296296296296296,0.666666666666667,0.773946360153257
"grassland",0.47,52,12,8818,235,0.181184668989547,0.00135900339750849,0.181184668989547,0.8125,0.296296296296296,0.674294431731503,0.785404516225512
"grassland",0.48,51,12,8818,236,0.177700348432056,0.00135900339750849,0.177700348432056,0.80952380952381,0.291428571428571,0.66949806949807,0.781994838317899
"grassland",0.49,50,12,8818,237,0.174216027874564,0.00135900339750849,0.174216027874564,0.806451612903226,0.286532951289398,0.664581704456607,0.778480036997071
"grassland",0.5,49,11,8819,238,0.170731707317073,0.00124575311438279,0.170731707317073,0.816666666666667,0.282420749279539,0.668003207698476,0.787179895021473
"grassland",0.51,49,10,8820,238,0.170731707317073,0.00113250283125708,0.170731707317073,0.830508474576271,0.283236994219653,0.676685621445979,0.799903022466462
"grassland",0.52,48,10,8820,239,0.167247386759582,0.00113250283125708,0.167247386759582,0.827586206896552,0.278260869565217,0.671604938271605,0.796451453918186
"grassland",0.53,46,8,8822,241,0.160278745644599,0.000906002265005663,0.160278745644599,0.851851851851852,0.269794721407625,0.679409209383145,0.816950940742043
"grassland",0.54,46,8,8822,241,0.160278745644599,0.000906002265005663,0.160278745644599,0.851851851851852,0.269794721407625,0.679409209383145,0.816950940742043
"grassland",0.55,46,8,8822,241,0.160278745644599,0.000906002265005663,0.160278745644599,0.851851851851852,0.269794721407625,0.679409209383145,0.816950940742043
"grassland",0.56,46,8,8822,241,0.160278745644599,0.000906002265005663,0.160278745644599,0.851851851851852,0.269794721407625,0.679409209383145,0.816950940742043
"grassland",0.57,43,7,8823,244,0.149825783972125,0.000792751981879955,0.149825783972125,0.86,0.255192878338279,0.672493100275989,0.821448836769434
"grassland",0.58,43,7,8823,244,0.149825783972125,0.000792751981879955,0.149825783972125,0.86,0.255192878338279,0.672493100275989,0.821448836769434
"grassland",0.59,42,7,8823,245,0.146341463414634,0.000792751981879955,0.146341463414634,0.857142857142857,0.25,0.666666666666667,0.817813765182186
"grassland",0.6,39,6,8824,248,0.13588850174216,0.000679501698754247,0.13588850174216,0.866666666666667,0.234939759036145,0.658391261171797,0.822853561729685
"grassland",0.61,39,6,8824,248,0.13588850174216,0.000679501698754247,0.13588850174216,0.866666666666667,0.234939759036145,0.658391261171797,0.822853561729685
"grassland",0.62,39,6,8824,248,0.13588850174216,0.000679501698754247,0.13588850174216,0.866666666666667,0.234939759036145,0.658391261171797,0.822853561729685
"grassland",0.63,39,5,8825,248,0.13588850174216,0.000566251415628539,0.13588850174216,0.886363636363636,0.235649546827795,0.669021190716448,0.840409643695328
"grassland",0.64,38,4,8826,249,0.132404181184669,0.000453001132502831,0.132404181184669,0.904761904761905,0.231003039513678,0.673618352450469,0.855359928682862
"grassland",0.65,38,4,8826,249,0.132404181184669,0.000453001132502831,0.132404181184669,0.904761904761905,0.231003039513678,0.673618352450469,0.855359928682862
"grassland",0.66,37,4,8826,250,0.128919860627178,0.000453001132502831,0.128919860627178,0.902439024390244,0.225609756097561,0.667020148462354,0.8518349669478
"grassland",0.67,37,4,8826,250,0.128919860627178,0.000453001132502831,0.128919860627178,0.902439024390244,0.225609756097561,0.667020148462354,0.8518349669478
"grassland",0.68,36,4,8826,251,0.125435540069686,0.000453001132502831,0.125435540069686,0.9,0.220183486238532,0.660194174757282,0.8481455563331
"grassland",0.69,36,4,8826,251,0.125435540069686,0.000453001132502831,0.125435540069686,0.9,0.220183486238532,0.660194174757282,0.8481455563331
"grassland",0.7,36,4,8826,251,0.125435540069686,0.000453001132502831,0.125435540069686,0.9,0.220183486238532,0.660194174757282,0.8481455563331
"grassland",0.71,35,4,8826,252,0.121951219512195,0.000453001132502831,0.121951219512195,0.897435897435897,0.214723926380368,0.653128430296378,0.844279914019584
"grassland",0.72,35,3,8827,252,0.121951219512195,0.000339750849377123,0.121951219512195,0.921052631578947,0.215384615384615,0.664804469273743,0.864937607046734
"grassland",0.73,35,3,8827,252,0.121951219512195,0.000339750849377123,0.121951219512195,0.921052631578947,0.215384615384615,0.664804469273743,0.864937607046734
"grassland",0.74,33,2,8828,254,0.114982578397213,0.000226500566251416,0.114982578397213,0.942857142857143,0.204968944099379,0.662337662337662,0.880116186955374
"grassland",0.75,33,2,8828,254,0.114982578397213,0.000226500566251416,0.114982578397213,0.942857142857143,0.204968944099379,0.662337662337662,0.880116186955374
"grassland",0.76,33,2,8828,254,0.114982578397213,0.000226500566251416,0.114982578397213,0.942857142857143,0.204968944099379,0.662337662337662,0.880116186955374
"grassland",0.77,32,2,8828,255,0.111498257839721,0.000226500566251416,0.111498257839721,0.941176470588235,0.199376947040498,0.654632972322503,0.876593436398156
"grassland",0.78,32,2,8828,255,0.111498257839721,0.000226500566251416,0.111498257839721,0.941176470588235,0.199376947040498,0.654632972322503,0.876593436398156
"grassland",0.79,31,2,8828,256,0.10801393728223,0.000226500566251416,0.10801393728223,0.939393939393939,0.19375,0.646625766871166,0.872874268190689
"grassland",0.8,30,2,8828,257,0.104529616724739,0.000226500566251416,0.104529616724739,0.9375,0.188087774294671,0.638297872340425,0.868941783768282
"grassland",0.81,28,2,8828,259,0.0975609756097561,0.000226500566251416,0.0975609756097561,0.933333333333333,0.176656151419558,0.620599739243807,0.86035898996045
"grassland",0.82,25,2,8828,262,0.0871080139372822,0.000226500566251416,0.0871080139372822,0.925925925925926,0.159235668789809,0.591098748261474,0.845329762303314
"grassland",0.83,25,2,8828,262,0.0871080139372822,0.000226500566251416,0.0871080139372822,0.925925925925926,0.159235668789809,0.591098748261474,0.845329762303314
"grassland",0.84,24,2,8828,263,0.0836236933797909,0.000226500566251416,0.0836236933797909,0.923076923076923,0.153354632587859,0.580369843527738,0.839625909248355
"grassland",0.85,24,2,8828,263,0.0836236933797909,0.000226500566251416,0.0836236933797909,0.923076923076923,0.153354632587859,0.580369843527738,0.839625909248355
"grassland",0.86,23,2,8828,264,0.0801393728222996,0.000226500566251416,0.0801393728222996,0.92,0.147435897435897,0.569141193595342,0.8335127377108
"grassland",0.87,21,2,8828,266,0.0731707317073171,0.000226500566251416,0.0731707317073171,0.91304347826087,0.135483870967742,0.545038167938931,0.819868573637418
"grassland",0.88,20,2,8828,267,0.0696864111498258,0.000226500566251416,0.0696864111498258,0.909090909090909,0.129449838187702,0.5320813771518,0.812223562525131
"grassland",0.89,19,2,8828,268,0.0662020905923345,0.000226500566251416,0.0662020905923345,0.904761904761905,0.123376623376623,0.518459069020867,0.803937997486385
"grassland",0.9,18,2,8828,269,0.0627177700348432,0.000226500566251416,0.0627177700348432,0.9,0.117263843648208,0.504118616144975,0.794927853082641
"grassland",0.91,16,2,8828,271,0.0557491289198606,0.000226500566251416,0.0557491289198606,0.888888888888889,0.104918032786885,0.47304347826087,0.774317201724964
"grassland",0.92,16,1,8829,271,0.0557491289198606,0.000113250283125708,0.0557491289198606,0.941176470588235,0.105263157894737,0.486583184257603,0.813286361348767
"grassland",0.93,15,0,8830,272,0.0522648083623693,0,0.0522648083623693,1,0.0993377483443709,0.483870967741935,0.847789591494124
"grassland",0.94,12,0,8830,275,0.0418118466898955,0,0.0418118466898955,1,0.0802675585284281,0.425887265135699,0.815063887020847
"grassland",0.95,11,0,8830,276,0.0383275261324042,0,0.0383275261324042,1,0.0738255033557047,0.403887688984881,0.801009372746936
"grassland",0.96,9,0,8830,278,0.0313588850174216,0,0.0313588850174216,1,0.0608108108108108,0.354988399071926,0.765796124684078
"grassland",0.97,9,0,8830,278,0.0313588850174216,0,0.0313588850174216,1,0.0608108108108108,0.354988399071926,0.765796124684078
"grassland",0.98,8,0,8830,279,0.0278745644599303,0,0.0278745644599303,1,0.0542372881355932,0.327710843373494,0.743330266789328
"grassland",0.99,6,0,8830,281,0.0209059233449477,0,0.0209059233449477,1,0.0409556313993174,0.266318537859008,0.683201803833145
"mosaic",0.1,96,100,8573,168,0.363636363636364,0.0115300357431108,0.363636363636364,0.489795918367347,0.417391304347826,0.48,0.4881192106323
"mosaic",0.11,94,84,8589,170,0.356060606060606,0.00968523002421308,0.356060606060606,0.528089887640449,0.425339366515837,0.513496143958869,0.525575730735164
"mosaic",0.12,93,70,8602,172,0.350943396226415,0.0080719557195572,0.350943396226415,0.570552147239264,0.434579439252336,0.550295857988166,0.567038937518865
"mosaic",0.13,92,55,8616,174,0.345864661654135,0.00634298235497636,0.345864661654135,0.625850340136054,0.445520581113801,0.597402597402597,0.620873981023654
"mosaic",0.14,90,50,8621,176,0.338345864661654,0.00576634759543305,0.338345864661654,0.642857142857143,0.443349753694581,0.610534716679968,0.637179307444273
"mosaic",0.15,87,43,8626,181,0.324626865671642,0.00496020302226324,0.324626865671642,0.669230769230769,0.437185929648241,0.629897785349233,0.662270123605668
"mosaic",0.16,86,41,8628,182,0.32089552238806,0.00472949590494867,0.32089552238806,0.677165354330709,0.435443037974684,0.635652173913044,0.669802590993214
"mosaic",0.17,85,39,8630,183,0.317164179104478,0.0044987887876341,0.317164179104478,0.685483870967742,0.433673469387755,0.641651865008881,0.677691821913483
"mosaic",0.18,84,34,8635,184,0.313432835820896,0.00392202099434768,0.313432835820896,0.711864406779661,0.435233160621762,0.662337662337662,0.703016241299304
"mosaic",0.19,82,31,8637,187,0.304832713754647,0.00357637286571297,0.304832713754647,0.725663716814159,0.429319371727749,0.671160327395282,0.7158786411963
"mosaic",0.2,79,28,8640,190,0.29368029739777,0.00323027226580526,0.29368029739777,0.738317757009346,0.420212765957447,0.67794043412418,0.727413620202389
"mosaic",0.21,76,24,8643,194,0.281481481481481,0.00276912426445137,0.281481481481481,0.76,0.410810810810811,0.690909090909091,0.747419668938656
"mosaic",0.22,74,23,8644,196,0.274074074074074,0.00265374408676589,0.274074074074074,0.762886597938144,0.403269754768392,0.690450054884742,0.749648946840522
"mosaic",0.23,73,22,8645,197,0.27037037037037,0.00253836390908042,0.27037037037037,0.768421052631579,0.4,0.693296089385475,0.754657113613101
"mosaic",0.24,72,21,8646,198,0.266666666666667,0.00242298373139495,0.266666666666667,0.774193548387097,0.396694214876033,0.696245733788396,0.75987460815047
"mosaic",0.25,70,21,8646,200,0.259259259259259,0.00242298373139495,0.259259259259259,0.769230769230769,0.38781163434903,0.689455388180765,0.754535752401281
"mosaic",0.26,69,20,8647,201,0.255555555555556,0.00230760355370947,0.255555555555556,0.775280898876405,0.384401114206128,0.692443919716647,0.759978189749182
"mosaic",0.27,69,19,8648,201,0.255555555555556,0.002192223376024,0.255555555555556,0.784090909090909,0.385474860335195,0.699046483909416,0.768357221609702
"mosaic",0.28,68,18,8649,202,0.251851851851852,0.00207684319833853,0.251851851851852,0.790697674418605,0.382022471910112,0.702308626974484,0.774295377677565
"mosaic",0.29,68,17,8650,202,0.251851851851852,0.00196146302065305,0.251851851851852,0.8,0.383098591549296,0.70920245398773,0.783124287343215
"mosaic",0.3,66,17,8650,204,0.244444444444444,0.00196146302065305,0.244444444444444,0.795180722891566,0.373937677053824,0.702127659574468,0.777829638273046
"mosaic",0.31,66,16,8651,204,0.244444444444444,0.00184608284296758,0.244444444444444,0.804878048780488,0.375,0.709228824273072,0.787012987012987
"mosaic",0.32,64,15,8652,206,0.237037037037037,0.0017307026652821,0.237037037037037,0.810126582278481,0.36676217765043,0.709256844850065,0.791187270501836
"mosaic",0.33,63,13,8654,207,0.233333333333333,0.00149994230991116,0.233333333333333,0.828947368421053,0.364161849710983,0.720726783310902,0.80851334180432
"mosaic",0.34,62,12,8655,208,0.22962962962963,0.00138456213222568,0.22962962962963,0.837837837837838,0.36046511627907,0.724896836313618,0.816427640156454
"mosaic",0.35,62,11,8656,208,0.22962962962963,0.00126918195454021,0.22962962962963,0.849315068493151,0.361516034985423,0.732962447844228,0.827212681638045
"mosaic",0.36,62,11,8656,208,0.22962962962963,0.00126918195454021,0.22962962962963,0.849315068493151,0.361516034985423,0.732962447844228,0.827212681638045
"mosaic",0.37,62,11,8656,208,0.22962962962963,0.00126918195454021,0.22962962962963,0.849315068493151,0.361516034985423,0.732962447844228,0.827212681638045
"mosaic",0.38,59,10,8658,210,0.219330855018587,0.00115366866635902,0.219330855018587,0.855072463768116,0.349112426035503,0.730517115804807,0.831217743060399
"mosaic",0.39,56,9,8659,213,0.20817843866171,0.00103830179972312,0.20817843866171,0.861538461538462,0.335329341317365,0.727272727272727,0.835573940020683
"mosaic",0.4,56,8,8660,213,0.20817843866171,0.000922934933087217,0.20817843866171,0.875,0.336336336336336,0.736272235112142,0.848103163892638
"mosaic",0.41,55,7,8661,214,0.204460966542751,0.000807568066451315,0.204460966542751,0.887096774193548,0.332326283987915,0.741475019825535,0.858710774462823
"mosaic",0.42,55,7,8661,214,0.204460966542751,0.000807568066451315,0.204460966542751,0.887096774193548,0.332326283987915,0.741475019825535,0.858710774462823
"mosaic",0.43,54,7,8661,215,0.200743494423792,0.000807568066451315,0.200743494423792,0.885245901639344,0.327272727272727,0.737349397590361,0.856335374470089
"mosaic",0.44,53,7,8661,216,0.197026022304833,0.000807568066451315,0.197026022304833,0.883333333333333,0.322188449848024,0.733116354759967,0.853884192056149
"mosaic",0.45,52,7,8661,217,0.193308550185874,0.000807568066451315,0.193308550185874,0.88135593220339,0.317073170731707,0.728771640560594,0.851353541903064
"mosaic",0.46,51,5,8663,218,0.189591078066914,0.000576834333179511,0.189591078066914,0.910714285714286,0.313846153846154,0.744206008583691,0.877662293406032
"mosaic",0.47,51,4,8664,218,0.189591078066914,0.000461467466543609,0.189591078066914,0.927272727272727,0.314814814814815,0.754569190600522,0.892875715028601
"mosaic",0.48,51,4,8664,218,0.189591078066914,0.000461467466543609,0.189591078066914,0.927272727272727,0.314814814814815,0.754569190600522,0.892875715028601
"mosaic",0.49,50,4,8664,219,0.185873605947955,0.000461467466543609,0.185873605947955,0.925925925925926,0.309597523219814,0.750220653133274,0.890809666607867
"mosaic",0.5,49,3,8665,220,0.182156133828996,0.000346100599907707,0.182156133828996,0.942307692307692,0.305295950155763,0.756584922797457,0.904918632291095
"mosaic",0.51,49,3,8665,220,0.182156133828996,0.000346100599907707,0.182156133828996,0.942307692307692,0.305295950155763,0.756584922797457,0.904918632291095
"mosaic",0.52,49,2,8666,220,0.182156133828996,0.000230733733271804,0.182156133828996,0.96078431372549,0.30625,0.767741935483871,0.921773142112125
"mosaic",0.53,49,2,8666,220,0.182156133828996,0.000230733733271804,0.182156133828996,0.96078431372549,0.30625,0.767741935483871,0.921773142112125
"mosaic",0.54,49,2,8666,220,0.182156133828996,0.000230733733271804,0.182156133828996,0.96078431372549,0.30625,0.767741935483871,0.921773142112125
"mosaic",0.55,47,2,8666,222,0.174721189591078,0.000230733733271804,0.174721189591078,0.959183673469388,0.29559748427673,0.758784425451092,0.91835945057071
"mosaic",0.56,46,2,8666,223,0.171003717472119,0.000230733733271804,0.171003717472119,0.958333333333333,0.290220820189274,0.754098360655738,0.916551588084435
"mosaic",0.57,46,2,8666,223,0.171003717472119,0.000230733733271804,0.171003717472119,0.958333333333333,0.290220820189274,0.754098360655738,0.916551588084435
"mosaic",0.58,46,2,8666,223,0.171003717472119,0.000230733733271804,0.171003717472119,0.958333333333333,0.290220820189274,0.754098360655738,0.916551588084435
"mosaic",0.59,45,2,8666,224,0.16728624535316,0.000230733733271804,0.16728624535316,0.957446808510638,0.284810126582278,0.749265426052889,0.914670959951701
"mosaic",0.6,45,2,8666,224,0.16728624535316,0.000230733733271804,0.16728624535316,0.957446808510638,0.284810126582278,0.749265426052889,0.914670959951701
"mosaic",0.61,44,2,8666,225,0.163568773234201,0.000230733733271804,0.163568773234201,0.956521739130435,0.279365079365079,0.744278606965174,0.912713082768536
"mosaic",0.62,44,2,8666,225,0.163568773234201,0.000230733733271804,0.163568773234201,0.956521739130435,0.279365079365079,0.744278606965174,0.912713082768536
"mosaic",0.63,44,1,8667,225,0.163568773234201,0.000115366866635902,0.163568773234201,0.977777777777778,0.280254777070064,0.756319514661274,0.931851541203607
"mosaic",0.64,42,1,8667,227,0.156133828996283,0.000115366866635902,0.156133828996283,0.976744186046512,0.269230769230769,0.746081504702194,0.928430728824688
"mosaic",0.65,41,1,8667,228,0.152416356877323,0.000115366866635902,0.152416356877323,0.976190476190476,0.263665594855305,0.740701381509033,0.926605504587156
"mosaic",0.66,40,1,8667,229,0.148698884758364,0.000115366866635902,0.148698884758364,0.975609756097561,0.258064516129032,0.735135135135135,0.924696726939803
"mosaic",0.67,36,1,8667,233,0.133828996282528,0.000115366866635902,0.133828996282528,0.972972972972973,0.235294117647059,0.710801393728223,0.91609977324263
"mosaic",0.68,36,1,8667,233,0.133828996282528,0.000115366866635902,0.133828996282528,0.972972972972973,0.235294117647059,0.710801393728223,0.91609977324263
"mosaic",0.69,36,1,8667,233,0.133828996282528,0.000115366866635902,0.133828996282528,0.972972972972973,0.235294117647059,0.710801393728223,0.91609977324263
"mosaic",0.7,35,1,8667,234,0.130111524163569,0.000115366866635902,0.130111524163569,0.972222222222222,0.229508196721312,0.70414201183432,0.91367278366503
"mosaic",0.71,34,1,8667,235,0.12639405204461,0.000115366866635902,0.12639405204461,0.971428571428571,0.223684210526316,0.697225572979493,0.911117007163704
"mosaic",0.72,33,1,8667,236,0.122676579925651,0.000115366866635902,0.122676579925651,0.970588235294118,0.217821782178218,0.690036900369004,0.908421913327882
"mosaic",0.73,30,0,8667,240,0.111111111111111,0,0.111111111111111,1,0.2,0.68,0.926605504587156
"mosaic",0.74,30,0,8667,240,0.111111111111111,0,0.111111111111111,1,0.2,0.68,0.926605504587156
"mosaic",0.75,29,0,8667,241,0.107407407407407,0,0.107407407407407,1,0.193979933110368,0.6716621253406,0.92397476340694
"mosaic",0.76,29,0,8667,241,0.107407407407407,0,0.107407407407407,1,0.193979933110368,0.6716621253406,0.92397476340694
"mosaic",0.77,27,0,8667,243,0.1,0,0.1,1,0.181818181818182,0.653846153846154,0.918181818181818
"mosaic",0.78,25,0,8667,245,0.0925925925925926,0,0.0925925925925926,1,0.169491525423729,0.634328358208955,0.911552346570397
"mosaic",0.79,25,0,8667,245,0.0925925925925926,0,0.0925925925925926,1,0.169491525423729,0.634328358208955,0.911552346570397
"mosaic",0.8,23,0,8667,247,0.0851851851851852,0,0.0851851851851852,1,0.156996587030717,0.612852664576802,0.903891050583658
"mosaic",0.81,22,0,8667,248,0.0814814814814815,0,0.0814814814814815,1,0.150684931506849,0.601286173633441,0.899595141700405
"mosaic",0.82,20,0,8667,250,0.0740740740740741,0,0.0740740740740741,1,0.137931034482759,0.576271186440678,0.889867841409691
"mosaic",0.83,18,0,8667,252,0.0666666666666667,0,0.0666666666666667,1,0.125,0.548387096774194,0.878260869565217
"mosaic",0.84,17,0,8667,253,0.062962962962963,0,0.062962962962963,1,0.118466898954704,0.533210332103321,0.871573604060914
"mosaic",0.85,15,0,8667,255,0.0555555555555556,0,0.0555555555555556,1,0.105263157894737,0.5,0.85593220338983
"mosaic",0.86,15,0,8667,255,0.0555555555555556,0,0.0555555555555556,1,0.105263157894737,0.5,0.85593220338983
"mosaic",0.87,14,0,8667,256,0.0518518518518519,0,0.0518518518518519,1,0.0985915492957747,0.481781376518219,0.846706586826347
"mosaic",0.88,14,0,8667,256,0.0518518518518519,0,0.0518518518518519,1,0.0985915492957747,0.481781376518219,0.846706586826347
"mosaic",0.89,14,0,8667,256,0.0518518518518519,0,0.0518518518518519,1,0.0985915492957747,0.481781376518219,0.846706586826347
"mosaic",0.9,11,0,8667,259,0.0407407407407407,0,0.0407407407407407,1,0.0782918149466192,0.419282511210762,0.810948905109489
"mosaic",0.91,11,0,8667,259,0.0407407407407407,0,0.0407407407407407,1,0.0782918149466192,0.419282511210762,0.810948905109489
"mosaic",0.92,11,0,8667,259,0.0407407407407407,0,0.0407407407407407,1,0.0782918149466192,0.419282511210762,0.810948905109489
"mosaic",0.93,10,0,8667,260,0.037037037037037,0,0.037037037037037,1,0.0714285714285714,0.395348837209302,0.795275590551181
"mosaic",0.94,10,0,8667,260,0.037037037037037,0,0.037037037037037,1,0.0714285714285714,0.395348837209302,0.795275590551181
"mosaic",0.95,9,0,8667,261,0.0333333333333333,0,0.0333333333333333,1,0.0645161290322581,0.369565217391304,0.776923076923077
"mosaic",0.96,9,0,8667,261,0.0333333333333333,0,0.0333333333333333,1,0.0645161290322581,0.369565217391304,0.776923076923077
"mosaic",0.97,8,0,8667,262,0.0296296296296296,0,0.0296296296296296,1,0.0575539568345324,0.341708542713568,0.755140186915888
"mosaic",0.98,6,0,8667,264,0.0222222222222222,0,0.0222222222222222,1,0.0434782608695652,0.278688524590164,0.696551724137931
"mosaic",0.99,2,0,8667,268,0.00740740740740741,0,0.00740740740740741,1,0.0147058823529412,0.112582781456954,0.429787234042553
"wood",0.1,64,64,5686,90,0.415584415584416,0.0111304347826087,0.415584415584416,0.5,0.453900709219858,0.494096276112625,0.49899644897329
"wood",0.11,64,59,5691,90,0.415584415584416,0.0102608695652174,0.415584415584416,0.520325203252033,0.462093862815884,0.512723845428841,0.519030030512285
"wood",0.12,63,57,5693,91,0.409090909090909,0.00991304347826087,0.409090909090909,0.525,0.45985401459854,0.516393442622951,0.523531347704459
"wood",0.13,58,54,5696,96,0.376623376623377,0.00939130434782609,0.376623376623377,0.517857142857143,0.43609022556391,0.506680369989723,0.51594151840761
"wood",0.14,57,43,5707,97,0.37012987012987,0.00747826086956522,0.37012987012987,0.57,0.448818897637795,0.552451539338654,0.566968682292693
"wood",0.15,57,37,5713,97,0.37012987012987,0.00643478260869565,0.37012987012987,0.606382978723404,0.459677419354839,0.584439083232811,0.602574837764287
"wood",0.16,56,36,5714,98,0.363636363636364,0.00626086956521739,0.363636363636364,0.608695652173913,0.455284552845528,0.585485854858549,0.604661107547573
"wood",0.17,55,34,5716,99,0.357142857142857,0.00591304347826087,0.357142857142857,0.617977528089888,0.452674897119342,0.592522179974652,0.613540976364038
"wood",0.18,55,30,5720,99,0.357142857142857,0.00521739130434783,0.357142857142857,0.647058823529412,0.460251046025105,0.617569352708058,0.641899699560897
"wood",0.19,54,26,5724,100,0.350649350649351,0.00452173913043478,0.350649350649351,0.675,0.461538461538462,0.640167364016736,0.668874172185431
"wood",0.2,54,26,5724,100,0.350649350649351,0.00452173913043478,0.350649350649351,0.675,0.461538461538462,0.640167364016736,0.668874172185431
"wood",0.21,54,23,5727,100,0.350649350649351,0.004,0.350649350649351,0.701298701298701,0.467532467532468,0.662337662337662,0.694423223834989
"wood",0.22,54,21,5728,101,0.348387096774194,0.00365280918420595,0.348387096774194,0.72,0.469565217391304,0.677490774907749,0.712475506205095
"wood",0.23,54,20,5729,101,0.348387096774194,0.00347886588971995,0.348387096774194,0.72972972972973,0.471615720524018,0.685586258401792,0.721906022501655
"wood",0.24,54,19,5730,101,0.348387096774194,0.00330492259523395,0.348387096774194,0.73972602739726,0.473684210526316,0.693877551020408,0.73158953722334
"wood",0.25,54,15,5734,101,0.348387096774194,0.00260914941728996,0.348387096774194,0.782608695652174,0.482142857142857,0.729150119142176,0.773068745570517
"wood",0.26,53,14,5735,102,0.341935483870968,0.00243520612280397,0.341935483870968,0.791044776119403,0.477477477477477,0.734311328443358,0.780889861415025
"wood",0.27,53,14,5735,102,0.341935483870968,0.00243520612280397,0.341935483870968,0.791044776119403,0.477477477477477,0.734311328443358,0.780889861415025
"wood",0.28,52,14,5735,103,0.335483870967742,0.00243520612280397,0.335483870967742,0.787878787878788,0.470588235294118,0.729975227085054,0.777498149518875
"wood",0.29,51,13,5736,104,0.329032258064516,0.00226126282831797,0.329032258064516,0.796875,0.465753424657534,0.735368956743003,0.785812356979405
"wood",0.3,51,12,5737,104,0.329032258064516,0.00208731953383197,0.329032258064516,0.80952380952381,0.467889908256881,0.74548581255374,0.797986057319907
"wood",0.31,50,11,5738,105,0.32258064516129,0.00191337623934597,0.32258064516129,0.819672131147541,0.462962962962963,0.751547303271441,0.807354116706635
"wood",0.32,49,10,5738,107,0.314102564102564,0.00173973556019485,0.314102564102564,0.830508474576271,0.455813953488372,0.757272727272727,0.81720607661823
"wood",0.33,49,10,5738,107,0.314102564102564,0.00173973556019485,0.314102564102564,0.830508474576271,0.455813953488372,0.757272727272727,0.81720607661823
"wood",0.34,46,9,5739,110,0.294871794871795,0.00156576200417537,0.294871794871795,0.836363636363636,0.436018957345972,0.754826254826255,0.821428571428571
"wood",0.35,45,9,5739,111,0.288461538461538,0.00156576200417537,0.288461538461538,0.833333333333333,0.428571428571429,0.75,0.818034557235421
"wood",0.36,45,8,5740,111,0.288461538461538,0.00139178844815588,0.288461538461538,0.849056603773585,0.430622009569378,0.76195219123506,0.833027859237537
"wood",0.37,44,8,5740,112,0.282051282051282,0.00139178844815588,0.282051282051282,0.846153846153846,0.423076923076923,0.757085020242915,0.829723674383869
"wood",0.38,44,8,5740,112,0.282051282051282,0.00139178844815588,0.282051282051282,0.846153846153846,0.423076923076923,0.757085020242915,0.829723674383869
"wood",0.39,44,8,5740,112,0.282051282051282,0.00139178844815588,0.282051282051282,0.846153846153846,0.423076923076923,0.757085020242915,0.829723674383869
"wood",0.4,43,8,5740,113,0.275641025641026,0.00139178844815588,0.275641025641026,0.843137254901961,0.415458937198068,0.752057613168724,0.826293759512938
"wood",0.41,43,8,5740,113,0.275641025641026,0.00139178844815588,0.275641025641026,0.843137254901961,0.415458937198068,0.752057613168724,0.826293759512938
"wood",0.42,42,8,5740,114,0.269230769230769,0.00139178844815588,0.269230769230769,0.84,0.407766990291262,0.746861924686192,0.822730799069046
"wood",0.43,41,6,5742,115,0.262820512820513,0.00104384133611691,0.262820512820513,0.872340425531915,0.403940886699507,0.767621145374449,0.852759472817133
"wood",0.44,41,6,5742,115,0.262820512820513,0.00104384133611691,0.262820512820513,0.872340425531915,0.403940886699507,0.767621145374449,0.852759472817133
"wood",0.45,41,5,5743,115,0.262820512820513,0.000869867780097425,0.262820512820513,0.891304347826087,0.405940594059406,0.781390134529148,0.870689655172414
"wood",0.46,41,5,5743,115,0.262820512820513,0.000869867780097425,0.262820512820513,0.891304347826087,0.405940594059406,0.781390134529148,0.870689655172414
"wood",0.47,41,4,5744,115,0.262820512820513,0.00069589422407794,0.262820512820513,0.911111111111111,0.407960199004975,0.795662100456621,0.889390034364261
"wood",0.48,40,4,5744,116,0.256410256410256,0.00069589422407794,0.256410256410256,0.909090909090909,0.4,0.790697674418605,0.886742756804214
"wood",0.49,39,4,5744,117,0.25,0.00069589422407794,0.25,0.906976744186046,0.391959798994975,0.785545023696682,0.883976660682226
"wood",0.5,38,4,5744,118,0.243589743589744,0.00069589422407794,0.243589743589744,0.904761904761905,0.383838383838384,0.780193236714976,0.881083562901745
"wood",0.51,37,4,5744,119,0.237179487179487,0.00069589422407794,0.237179487179487,0.902439024390244,0.375634517766497,0.774630541871921,0.878054511278195
"wood",0.52,36,4,5744,120,0.230769230769231,0.00069589422407794,0.230769230769231,0.9,0.36734693877551,0.768844221105528,0.87487969201155
"wood",0.53,36,4,5744,120,0.230769230769231,0.00069589422407794,0.230769230769231,0.9,0.36734693877551,0.768844221105528,0.87487969201155
"wood",0.54,35,4,5744,121,0.224358974358974,0.00069589422407794,0.224358974358974,0.897435897435897,0.358974358974359,0.762820512820513,0.8715483234714
"wood",0.55,34,4,5744,122,0.217948717948718,0.00069589422407794,0.217948717948718,0.894736842105263,0.350515463917526,0.756544502617801,0.868048533872599
"wood",0.56,33,4,5744,123,0.211538461538462,0.00069589422407794,0.211538461538462,0.891891891891892,0.341968911917098,0.75,0.864367219917012
"wood",0.57,33,4,5744,123,0.211538461538462,0.00069589422407794,0.211538461538462,0.891891891891892,0.341968911917098,0.75,0.864367219917012
"wood",0.58,33,4,5744,123,0.211538461538462,0.00069589422407794,0.211538461538462,0.891891891891892,0.341968911917098,0.75,0.864367219917012
"wood",0.59,33,4,5744,123,0.211538461538462,0.00069589422407794,0.211538461538462,0.891891891891892,0.341968911917098,0.75,0.864367219917012
"wood",0.6,32,1,5747,124,0.205128205128205,0.000173973556019485,0.205128205128205,0.96969696969697,0.338624338624339,0.795321637426901,0.935185185185185
"wood",0.61,32,1,5747,124,0.205128205128205,0.000173973556019485,0.205128205128205,0.96969696969697,0.338624338624339,0.795321637426901,0.935185185185185
"wood",0.62,32,0,5748,124,0.205128205128205,0,0.205128205128205,1,0.340425531914894,0.81437125748503,0.963051251489869
"wood",0.63,32,0,5748,124,0.205128205128205,0,0.205128205128205,1,0.340425531914894,0.81437125748503,0.963051251489869
"wood",0.64,32,0,5748,124,0.205128205128205,0,0.205128205128205,1,0.340425531914894,0.81437125748503,0.963051251489869
"wood",0.65,32,0,5748,124,0.205128205128205,0,0.205128205128205,1,0.340425531914894,0.81437125748503,0.963051251489869
"wood",0.66,32,0,5748,124,0.205128205128205,0,0.205128205128205,1,0.340425531914894,0.81437125748503,0.963051251489869
"wood",0.67,31,0,5748,125,0.198717948717949,0,0.198717948717949,1,0.331550802139037,0.808282208588957,0.961609336609337
"wood",0.68,31,0,5748,125,0.198717948717949,0,0.198717948717949,1,0.331550802139037,0.808282208588957,0.961609336609337
"wood",0.69,30,0,5748,126,0.192307692307692,0,0.192307692307692,1,0.32258064516129,0.80188679245283,0.960076045627376
"wood",0.7,30,0,5748,126,0.192307692307692,0,0.192307692307692,1,0.32258064516129,0.80188679245283,0.960076045627376
"wood",0.71,29,0,5748,127,0.185897435897436,0,0.185897435897436,1,0.313513513513514,0.795161290322581,0.958442408376963
"wood",0.72,29,0,5748,127,0.185897435897436,0,0.185897435897436,1,0.313513513513514,0.795161290322581,0.958442408376963
"wood",0.73,29,0,5748,127,0.185897435897436,0,0.185897435897436,1,0.313513513513514,0.795161290322581,0.958442408376963
"wood",0.74,29,0,5748,127,0.185897435897436,0,0.185897435897436,1,0.313513513513514,0.795161290322581,0.958442408376963
"wood",0.75,29,0,5748,127,0.185897435897436,0,0.185897435897436,1,0.313513513513514,0.795161290322581,0.958442408376963
"wood",0.76,27,0,5748,129,0.173076923076923,0,0.173076923076923,1,0.295081967213115,0.780612244897959,0.954831932773109
"wood",0.77,27,0,5748,129,0.173076923076923,0,0.173076923076923,1,0.295081967213115,0.780612244897959,0.954831932773109
"wood",0.78,26,0,5748,130,0.166666666666667,0,0.166666666666667,1,0.285714285714286,0.772727272727273,0.952830188679245
"wood",0.79,26,0,5748,130,0.166666666666667,0,0.166666666666667,1,0.285714285714286,0.772727272727273,0.952830188679245
"wood",0.8,25,0,5748,131,0.16025641025641,0,0.16025641025641,1,0.276243093922652,0.764388489208633,0.950677710843373
"wood",0.81,23,0,5748,133,0.147435897435897,0,0.147435897435897,1,0.256983240223464,0.74618320610687,0.945846905537459
"wood",0.82,22,0,5748,134,0.141025641025641,0,0.141025641025641,1,0.247191011235955,0.736220472440945,0.943123938879457
"wood",0.83,22,0,5748,134,0.141025641025641,0,0.141025641025641,1,0.247191011235955,0.736220472440945,0.943123938879457
"wood",0.84,21,0,5748,135,0.134615384615385,0,0.134615384615385,1,0.23728813559322,0.725609756097561,0.940159574468085
"wood",0.85,19,0,5748,137,0.121794871794872,0,0.121794871794872,1,0.217142857142857,0.702173913043478,0.933365758754864
"wood",0.86,18,0,5748,138,0.115384615384615,0,0.115384615384615,1,0.206896551724138,0.689189189189189,0.929447852760736
"wood",0.87,18,0,5748,138,0.115384615384615,0,0.115384615384615,1,0.206896551724138,0.689189189189189,0.929447852760736
"wood",0.88,16,0,5748,140,0.102564102564103,0,0.102564102564103,1,0.186046511627907,0.660194174757282,0.920273348519362
"wood",0.89,16,0,5748,140,0.102564102564103,0,0.102564102564103,1,0.186046511627907,0.660194174757282,0.920273348519362
"wood",0.9,15,0,5748,141,0.0961538461538462,0,0.0961538461538462,1,0.175438596491228,0.643939393939394,0.914855072463768
"wood",0.91,13,0,5748,143,0.0833333333333333,0,0.0833333333333333,1,0.153846153846154,0.607142857142857,0.901785714285714
"wood",0.92,11,0,5748,145,0.0705128205128205,0,0.0705128205128205,1,0.131736526946108,0.563253012048193,0.884554140127388
"wood",0.93,9,0,5748,147,0.0576923076923077,0,0.0576923076923077,1,0.109090909090909,0.51,0.860795454545455
"wood",0.94,6,0,5748,150,0.0384615384615385,0,0.0384615384615385,1,0.0740740740740741,0.404761904761905,0.801587301587302
"wood",0.95,5,0,5748,151,0.032051282051282,0,0.032051282051282,1,0.062111801242236,0.360169491525424,0.769817073170732
"wood",0.96,5,0,5748,151,0.032051282051282,0,0.032051282051282,1,0.062111801242236,0.360169491525424,0.769817073170732
"wood",0.97,4,0,5748,152,0.0256410256410256,0,0.0256410256410256,1,0.05,0.309090909090909,0.726618705035971
"wood",0.98,3,0,5748,153,0.0192307692307692,0,0.0192307692307692,1,0.0377358490566038,0.25,0.664473684210526
"wood",0.99,1,0,5748,155,0.00641025641025641,0,0.00641025641025641,1,0.0127388535031847,0.0988372093023256,0.39453125
