"n_recordings_sampled","recording_ids","minimum_confidence_threshold","n_species_correctly_detected","n_species_incorrectly_detected","n_species_present","n_species_potentially_present","TPR","FPR","precision","F1"
"237","109,121,135,91,152,68,226,39,176,122,119,70,9,145,88,227,225,184,201,222,37,22,38,117,187,139,195,211,21,107,233,67,137,18,17,90,125,213,209,53,158,202,24,46,216,220,42,15,141,169,19,229,98,155,78,204,149,56,99,89,4,207,148,102,159,61,45,235,173,101,224,43,118,215,84,26,81,12,128,103,13,75,127,76,146,34,165,214,157,3,192,33,104,170,154,25,191,40,200,161,178,115,5,180,217,168,66,237,228,28,36,27,196,7,234,57,80,52,208,2,140,194,69,71,205,171,133,31,60,79,92,32,116,236,95,143,129,151,219,113,199,197,64,108,210,144,203,186,85,87,47,120,163,153,183,20,1,110,174,112,136,123,65,105,166,63,41,58,230,73,72,150,147,160,35,54,30,23,198,44,231,175,138,131,93,82,181,134,206,77,177,164,179,8,167,74,132,114,111,189,29,190,221,94,100,223,83,126,48,14,172,218,16,10,59,6,232,212,97,182,156,51,50,55,62,185,130,86,106,124,188,11,96,162,193,49,142","0.1","46","21","74","205","0.621621621621622","0.16030534351145","0.686567164179104","0.652482269503546"
"237","109,121,135,91,152,68,226,39,176,122,119,70,9,145,88,227,225,184,201,222,37,22,38,117,187,139,195,211,21,107,233,67,137,18,17,90,125,213,209,53,158,202,24,46,216,220,42,15,141,169,19,229,98,155,78,204,149,56,99,89,4,207,148,102,159,61,45,235,173,101,224,43,118,215,84,26,81,12,128,103,13,75,127,76,146,34,165,214,157,3,192,33,104,170,154,25,191,40,200,161,178,115,5,180,217,168,66,237,228,28,36,27,196,7,234,57,80,52,208,2,140,194,69,71,205,171,133,31,60,79,92,32,116,236,95,143,129,151,219,113,199,197,64,108,210,144,203,186,85,87,47,120,163,153,183,20,1,110,174,112,136,123,65,105,166,63,41,58,230,73,72,150,147,160,35,54,30,23,198,44,231,175,138,131,93,82,181,134,206,77,177,164,179,8,167,74,132,114,111,189,29,190,221,94,100,223,83,126,48,14,172,218,16,10,59,6,232,212,97,182,156,51,50,55,62,185,130,86,106,124,188,11,96,162,193,49,142","0.11","46","20","74","205","0.621621621621622","0.152671755725191","0.696969696969697","0.657142857142857"
"237","109,121,135,91,152,68,226,39,176,122,119,70,9,145,88,227,225,184,201,222,37,22,38,117,187,139,195,211,21,107,233,67,137,18,17,90,125,213,209,53,158,202,24,46,216,220,42,15,141,169,19,229,98,155,78,204,149,56,99,89,4,207,148,102,159,61,45,235,173,101,224,43,118,215,84,26,81,12,128,103,13,75,127,76,146,34,165,214,157,3,192,33,104,170,154,25,191,40,200,161,178,115,5,180,217,168,66,237,228,28,36,27,196,7,234,57,80,52,208,2,140,194,69,71,205,171,133,31,60,79,92,32,116,236,95,143,129,151,219,113,199,197,64,108,210,144,203,186,85,87,47,120,163,153,183,20,1,110,174,112,136,123,65,105,166,63,41,58,230,73,72,150,147,160,35,54,30,23,198,44,231,175,138,131,93,82,181,134,206,77,177,164,179,8,167,74,132,114,111,189,29,190,221,94,100,223,83,126,48,14,172,218,16,10,59,6,232,212,97,182,156,51,50,55,62,185,130,86,106,124,188,11,96,162,193,49,142","0.12","46","19","74","205","0.621621621621622","0.145038167938931","0.707692307692308","0.661870503597122"
"237","109,121,135,91,152,68,226,39,176,122,119,70,9,145,88,227,225,184,201,222,37,22,38,117,187,139,195,211,21,107,233,67,137,18,17,90,125,213,209,53,158,202,24,46,216,220,42,15,141,169,19,229,98,155,78,204,149,56,99,89,4,207,148,102,159,61,45,235,173,101,224,43,118,215,84,26,81,12,128,103,13,75,127,76,146,34,165,214,157,3,192,33,104,170,154,25,191,40,200,161,178,115,5,180,217,168,66,237,228,28,36,27,196,7,234,57,80,52,208,2,140,194,69,71,205,171,133,31,60,79,92,32,116,236,95,143,129,151,219,113,199,197,64,108,210,144,203,186,85,87,47,120,163,153,183,20,1,110,174,112,136,123,65,105,166,63,41,58,230,73,72,150,147,160,35,54,30,23,198,44,231,175,138,131,93,82,181,134,206,77,177,164,179,8,167,74,132,114,111,189,29,190,221,94,100,223,83,126,48,14,172,218,16,10,59,6,232,212,97,182,156,51,50,55,62,185,130,86,106,124,188,11,96,162,193,49,142","0.13","46","15","74","205","0.621621621621622","0.114503816793893","0.754098360655738","0.681481481481481"
"237","109,121,135,91,152,68,226,39,176,122,119,70,9,145,88,227,225,184,201,222,37,22,38,117,187,139,195,211,21,107,233,67,137,18,17,90,125,213,209,53,158,202,24,46,216,220,42,15,141,169,19,229,98,155,78,204,149,56,99,89,4,207,148,102,159,61,45,235,173,101,224,43,118,215,84,26,81,12,128,103,13,75,127,76,146,34,165,214,157,3,192,33,104,170,154,25,191,40,200,161,178,115,5,180,217,168,66,237,228,28,36,27,196,7,234,57,80,52,208,2,140,194,69,71,205,171,133,31,60,79,92,32,116,236,95,143,129,151,219,113,199,197,64,108,210,144,203,186,85,87,47,120,163,153,183,20,1,110,174,112,136,123,65,105,166,63,41,58,230,73,72,150,147,160,35,54,30,23,198,44,231,175,138,131,93,82,181,134,206,77,177,164,179,8,167,74,132,114,111,189,29,190,221,94,100,223,83,126,48,14,172,218,16,10,59,6,232,212,97,182,156,51,50,55,62,185,130,86,106,124,188,11,96,162,193,49,142","0.14","46","15","74","205","0.621621621621622","0.114503816793893","0.754098360655738","0.681481481481481"
"237","109,121,135,91,152,68,226,39,176,122,119,70,9,145,88,227,225,184,201,222,37,22,38,117,187,139,195,211,21,107,233,67,137,18,17,90,125,213,209,53,158,202,24,46,216,220,42,15,141,169,19,229,98,155,78,204,149,56,99,89,4,207,148,102,159,61,45,235,173,101,224,43,118,215,84,26,81,12,128,103,13,75,127,76,146,34,165,214,157,3,192,33,104,170,154,25,191,40,200,161,178,115,5,180,217,168,66,237,228,28,36,27,196,7,234,57,80,52,208,2,140,194,69,71,205,171,133,31,60,79,92,32,116,236,95,143,129,151,219,113,199,197,64,108,210,144,203,186,85,87,47,120,163,153,183,20,1,110,174,112,136,123,65,105,166,63,41,58,230,73,72,150,147,160,35,54,30,23,198,44,231,175,138,131,93,82,181,134,206,77,177,164,179,8,167,74,132,114,111,189,29,190,221,94,100,223,83,126,48,14,172,218,16,10,59,6,232,212,97,182,156,51,50,55,62,185,130,86,106,124,188,11,96,162,193,49,142","0.15","46","15","74","205","0.621621621621622","0.114503816793893","0.754098360655738","0.681481481481481"
"237","109,121,135,91,152,68,226,39,176,122,119,70,9,145,88,227,225,184,201,222,37,22,38,117,187,139,195,211,21,107,233,67,137,18,17,90,125,213,209,53,158,202,24,46,216,220,42,15,141,169,19,229,98,155,78,204,149,56,99,89,4,207,148,102,159,61,45,235,173,101,224,43,118,215,84,26,81,12,128,103,13,75,127,76,146,34,165,214,157,3,192,33,104,170,154,25,191,40,200,161,178,115,5,180,217,168,66,237,228,28,36,27,196,7,234,57,80,52,208,2,140,194,69,71,205,171,133,31,60,79,92,32,116,236,95,143,129,151,219,113,199,197,64,108,210,144,203,186,85,87,47,120,163,153,183,20,1,110,174,112,136,123,65,105,166,63,41,58,230,73,72,150,147,160,35,54,30,23,198,44,231,175,138,131,93,82,181,134,206,77,177,164,179,8,167,74,132,114,111,189,29,190,221,94,100,223,83,126,48,14,172,218,16,10,59,6,232,212,97,182,156,51,50,55,62,185,130,86,106,124,188,11,96,162,193,49,142","0.16","46","15","74","205","0.621621621621622","0.114503816793893","0.754098360655738","0.681481481481481"
"237","109,121,135,91,152,68,226,39,176,122,119,70,9,145,88,227,225,184,201,222,37,22,38,117,187,139,195,211,21,107,233,67,137,18,17,90,125,213,209,53,158,202,24,46,216,220,42,15,141,169,19,229,98,155,78,204,149,56,99,89,4,207,148,102,159,61,45,235,173,101,224,43,118,215,84,26,81,12,128,103,13,75,127,76,146,34,165,214,157,3,192,33,104,170,154,25,191,40,200,161,178,115,5,180,217,168,66,237,228,28,36,27,196,7,234,57,80,52,208,2,140,194,69,71,205,171,133,31,60,79,92,32,116,236,95,143,129,151,219,113,199,197,64,108,210,144,203,186,85,87,47,120,163,153,183,20,1,110,174,112,136,123,65,105,166,63,41,58,230,73,72,150,147,160,35,54,30,23,198,44,231,175,138,131,93,82,181,134,206,77,177,164,179,8,167,74,132,114,111,189,29,190,221,94,100,223,83,126,48,14,172,218,16,10,59,6,232,212,97,182,156,51,50,55,62,185,130,86,106,124,188,11,96,162,193,49,142","0.17","46","15","74","205","0.621621621621622","0.114503816793893","0.754098360655738","0.681481481481481"
"237","109,121,135,91,152,68,226,39,176,122,119,70,9,145,88,227,225,184,201,222,37,22,38,117,187,139,195,211,21,107,233,67,137,18,17,90,125,213,209,53,158,202,24,46,216,220,42,15,141,169,19,229,98,155,78,204,149,56,99,89,4,207,148,102,159,61,45,235,173,101,224,43,118,215,84,26,81,12,128,103,13,75,127,76,146,34,165,214,157,3,192,33,104,170,154,25,191,40,200,161,178,115,5,180,217,168,66,237,228,28,36,27,196,7,234,57,80,52,208,2,140,194,69,71,205,171,133,31,60,79,92,32,116,236,95,143,129,151,219,113,199,197,64,108,210,144,203,186,85,87,47,120,163,153,183,20,1,110,174,112,136,123,65,105,166,63,41,58,230,73,72,150,147,160,35,54,30,23,198,44,231,175,138,131,93,82,181,134,206,77,177,164,179,8,167,74,132,114,111,189,29,190,221,94,100,223,83,126,48,14,172,218,16,10,59,6,232,212,97,182,156,51,50,55,62,185,130,86,106,124,188,11,96,162,193,49,142","0.18","45","14","74","205","0.608108108108108","0.106870229007634","0.76271186440678","0.676691729323308"
"237","109,121,135,91,152,68,226,39,176,122,119,70,9,145,88,227,225,184,201,222,37,22,38,117,187,139,195,211,21,107,233,67,137,18,17,90,125,213,209,53,158,202,24,46,216,220,42,15,141,169,19,229,98,155,78,204,149,56,99,89,4,207,148,102,159,61,45,235,173,101,224,43,118,215,84,26,81,12,128,103,13,75,127,76,146,34,165,214,157,3,192,33,104,170,154,25,191,40,200,161,178,115,5,180,217,168,66,237,228,28,36,27,196,7,234,57,80,52,208,2,140,194,69,71,205,171,133,31,60,79,92,32,116,236,95,143,129,151,219,113,199,197,64,108,210,144,203,186,85,87,47,120,163,153,183,20,1,110,174,112,136,123,65,105,166,63,41,58,230,73,72,150,147,160,35,54,30,23,198,44,231,175,138,131,93,82,181,134,206,77,177,164,179,8,167,74,132,114,111,189,29,190,221,94,100,223,83,126,48,14,172,218,16,10,59,6,232,212,97,182,156,51,50,55,62,185,130,86,106,124,188,11,96,162,193,49,142","0.19","45","14","74","205","0.608108108108108","0.106870229007634","0.76271186440678","0.676691729323308"
"237","109,121,135,91,152,68,226,39,176,122,119,70,9,145,88,227,225,184,201,222,37,22,38,117,187,139,195,211,21,107,233,67,137,18,17,90,125,213,209,53,158,202,24,46,216,220,42,15,141,169,19,229,98,155,78,204,149,56,99,89,4,207,148,102,159,61,45,235,173,101,224,43,118,215,84,26,81,12,128,103,13,75,127,76,146,34,165,214,157,3,192,33,104,170,154,25,191,40,200,161,178,115,5,180,217,168,66,237,228,28,36,27,196,7,234,57,80,52,208,2,140,194,69,71,205,171,133,31,60,79,92,32,116,236,95,143,129,151,219,113,199,197,64,108,210,144,203,186,85,87,47,120,163,153,183,20,1,110,174,112,136,123,65,105,166,63,41,58,230,73,72,150,147,160,35,54,30,23,198,44,231,175,138,131,93,82,181,134,206,77,177,164,179,8,167,74,132,114,111,189,29,190,221,94,100,223,83,126,48,14,172,218,16,10,59,6,232,212,97,182,156,51,50,55,62,185,130,86,106,124,188,11,96,162,193,49,142","0.2","44","14","74","205","0.594594594594595","0.106870229007634","0.758620689655172","0.666666666666667"
"237","109,121,135,91,152,68,226,39,176,122,119,70,9,145,88,227,225,184,201,222,37,22,38,117,187,139,195,211,21,107,233,67,137,18,17,90,125,213,209,53,158,202,24,46,216,220,42,15,141,169,19,229,98,155,78,204,149,56,99,89,4,207,148,102,159,61,45,235,173,101,224,43,118,215,84,26,81,12,128,103,13,75,127,76,146,34,165,214,157,3,192,33,104,170,154,25,191,40,200,161,178,115,5,180,217,168,66,237,228,28,36,27,196,7,234,57,80,52,208,2,140,194,69,71,205,171,133,31,60,79,92,32,116,236,95,143,129,151,219,113,199,197,64,108,210,144,203,186,85,87,47,120,163,153,183,20,1,110,174,112,136,123,65,105,166,63,41,58,230,73,72,150,147,160,35,54,30,23,198,44,231,175,138,131,93,82,181,134,206,77,177,164,179,8,167,74,132,114,111,189,29,190,221,94,100,223,83,126,48,14,172,218,16,10,59,6,232,212,97,182,156,51,50,55,62,185,130,86,106,124,188,11,96,162,193,49,142","0.21","43","14","74","205","0.581081081081081","0.106870229007634","0.754385964912281","0.656488549618321"
"237","109,121,135,91,152,68,226,39,176,122,119,70,9,145,88,227,225,184,201,222,37,22,38,117,187,139,195,211,21,107,233,67,137,18,17,90,125,213,209,53,158,202,24,46,216,220,42,15,141,169,19,229,98,155,78,204,149,56,99,89,4,207,148,102,159,61,45,235,173,101,224,43,118,215,84,26,81,12,128,103,13,75,127,76,146,34,165,214,157,3,192,33,104,170,154,25,191,40,200,161,178,115,5,180,217,168,66,237,228,28,36,27,196,7,234,57,80,52,208,2,140,194,69,71,205,171,133,31,60,79,92,32,116,236,95,143,129,151,219,113,199,197,64,108,210,144,203,186,85,87,47,120,163,153,183,20,1,110,174,112,136,123,65,105,166,63,41,58,230,73,72,150,147,160,35,54,30,23,198,44,231,175,138,131,93,82,181,134,206,77,177,164,179,8,167,74,132,114,111,189,29,190,221,94,100,223,83,126,48,14,172,218,16,10,59,6,232,212,97,182,156,51,50,55,62,185,130,86,106,124,188,11,96,162,193,49,142","0.22","43","14","74","205","0.581081081081081","0.106870229007634","0.754385964912281","0.656488549618321"
"237","109,121,135,91,152,68,226,39,176,122,119,70,9,145,88,227,225,184,201,222,37,22,38,117,187,139,195,211,21,107,233,67,137,18,17,90,125,213,209,53,158,202,24,46,216,220,42,15,141,169,19,229,98,155,78,204,149,56,99,89,4,207,148,102,159,61,45,235,173,101,224,43,118,215,84,26,81,12,128,103,13,75,127,76,146,34,165,214,157,3,192,33,104,170,154,25,191,40,200,161,178,115,5,180,217,168,66,237,228,28,36,27,196,7,234,57,80,52,208,2,140,194,69,71,205,171,133,31,60,79,92,32,116,236,95,143,129,151,219,113,199,197,64,108,210,144,203,186,85,87,47,120,163,153,183,20,1,110,174,112,136,123,65,105,166,63,41,58,230,73,72,150,147,160,35,54,30,23,198,44,231,175,138,131,93,82,181,134,206,77,177,164,179,8,167,74,132,114,111,189,29,190,221,94,100,223,83,126,48,14,172,218,16,10,59,6,232,212,97,182,156,51,50,55,62,185,130,86,106,124,188,11,96,162,193,49,142","0.23","43","13","74","205","0.581081081081081","0.099236641221374","0.767857142857143","0.661538461538462"
"237","109,121,135,91,152,68,226,39,176,122,119,70,9,145,88,227,225,184,201,222,37,22,38,117,187,139,195,211,21,107,233,67,137,18,17,90,125,213,209,53,158,202,24,46,216,220,42,15,141,169,19,229,98,155,78,204,149,56,99,89,4,207,148,102,159,61,45,235,173,101,224,43,118,215,84,26,81,12,128,103,13,75,127,76,146,34,165,214,157,3,192,33,104,170,154,25,191,40,200,161,178,115,5,180,217,168,66,237,228,28,36,27,196,7,234,57,80,52,208,2,140,194,69,71,205,171,133,31,60,79,92,32,116,236,95,143,129,151,219,113,199,197,64,108,210,144,203,186,85,87,47,120,163,153,183,20,1,110,174,112,136,123,65,105,166,63,41,58,230,73,72,150,147,160,35,54,30,23,198,44,231,175,138,131,93,82,181,134,206,77,177,164,179,8,167,74,132,114,111,189,29,190,221,94,100,223,83,126,48,14,172,218,16,10,59,6,232,212,97,182,156,51,50,55,62,185,130,86,106,124,188,11,96,162,193,49,142","0.24","43","13","74","205","0.581081081081081","0.099236641221374","0.767857142857143","0.661538461538462"
"237","109,121,135,91,152,68,226,39,176,122,119,70,9,145,88,227,225,184,201,222,37,22,38,117,187,139,195,211,21,107,233,67,137,18,17,90,125,213,209,53,158,202,24,46,216,220,42,15,141,169,19,229,98,155,78,204,149,56,99,89,4,207,148,102,159,61,45,235,173,101,224,43,118,215,84,26,81,12,128,103,13,75,127,76,146,34,165,214,157,3,192,33,104,170,154,25,191,40,200,161,178,115,5,180,217,168,66,237,228,28,36,27,196,7,234,57,80,52,208,2,140,194,69,71,205,171,133,31,60,79,92,32,116,236,95,143,129,151,219,113,199,197,64,108,210,144,203,186,85,87,47,120,163,153,183,20,1,110,174,112,136,123,65,105,166,63,41,58,230,73,72,150,147,160,35,54,30,23,198,44,231,175,138,131,93,82,181,134,206,77,177,164,179,8,167,74,132,114,111,189,29,190,221,94,100,223,83,126,48,14,172,218,16,10,59,6,232,212,97,182,156,51,50,55,62,185,130,86,106,124,188,11,96,162,193,49,142","0.25","43","13","74","205","0.581081081081081","0.099236641221374","0.767857142857143","0.661538461538462"
"237","109,121,135,91,152,68,226,39,176,122,119,70,9,145,88,227,225,184,201,222,37,22,38,117,187,139,195,211,21,107,233,67,137,18,17,90,125,213,209,53,158,202,24,46,216,220,42,15,141,169,19,229,98,155,78,204,149,56,99,89,4,207,148,102,159,61,45,235,173,101,224,43,118,215,84,26,81,12,128,103,13,75,127,76,146,34,165,214,157,3,192,33,104,170,154,25,191,40,200,161,178,115,5,180,217,168,66,237,228,28,36,27,196,7,234,57,80,52,208,2,140,194,69,71,205,171,133,31,60,79,92,32,116,236,95,143,129,151,219,113,199,197,64,108,210,144,203,186,85,87,47,120,163,153,183,20,1,110,174,112,136,123,65,105,166,63,41,58,230,73,72,150,147,160,35,54,30,23,198,44,231,175,138,131,93,82,181,134,206,77,177,164,179,8,167,74,132,114,111,189,29,190,221,94,100,223,83,126,48,14,172,218,16,10,59,6,232,212,97,182,156,51,50,55,62,185,130,86,106,124,188,11,96,162,193,49,142","0.26","43","13","74","205","0.581081081081081","0.099236641221374","0.767857142857143","0.661538461538462"
"237","109,121,135,91,152,68,226,39,176,122,119,70,9,145,88,227,225,184,201,222,37,22,38,117,187,139,195,211,21,107,233,67,137,18,17,90,125,213,209,53,158,202,24,46,216,220,42,15,141,169,19,229,98,155,78,204,149,56,99,89,4,207,148,102,159,61,45,235,173,101,224,43,118,215,84,26,81,12,128,103,13,75,127,76,146,34,165,214,157,3,192,33,104,170,154,25,191,40,200,161,178,115,5,180,217,168,66,237,228,28,36,27,196,7,234,57,80,52,208,2,140,194,69,71,205,171,133,31,60,79,92,32,116,236,95,143,129,151,219,113,199,197,64,108,210,144,203,186,85,87,47,120,163,153,183,20,1,110,174,112,136,123,65,105,166,63,41,58,230,73,72,150,147,160,35,54,30,23,198,44,231,175,138,131,93,82,181,134,206,77,177,164,179,8,167,74,132,114,111,189,29,190,221,94,100,223,83,126,48,14,172,218,16,10,59,6,232,212,97,182,156,51,50,55,62,185,130,86,106,124,188,11,96,162,193,49,142","0.27","40","13","74","205","0.540540540540541","0.099236641221374","0.754716981132076","0.62992125984252"
"237","109,121,135,91,152,68,226,39,176,122,119,70,9,145,88,227,225,184,201,222,37,22,38,117,187,139,195,211,21,107,233,67,137,18,17,90,125,213,209,53,158,202,24,46,216,220,42,15,141,169,19,229,98,155,78,204,149,56,99,89,4,207,148,102,159,61,45,235,173,101,224,43,118,215,84,26,81,12,128,103,13,75,127,76,146,34,165,214,157,3,192,33,104,170,154,25,191,40,200,161,178,115,5,180,217,168,66,237,228,28,36,27,196,7,234,57,80,52,208,2,140,194,69,71,205,171,133,31,60,79,92,32,116,236,95,143,129,151,219,113,199,197,64,108,210,144,203,186,85,87,47,120,163,153,183,20,1,110,174,112,136,123,65,105,166,63,41,58,230,73,72,150,147,160,35,54,30,23,198,44,231,175,138,131,93,82,181,134,206,77,177,164,179,8,167,74,132,114,111,189,29,190,221,94,100,223,83,126,48,14,172,218,16,10,59,6,232,212,97,182,156,51,50,55,62,185,130,86,106,124,188,11,96,162,193,49,142","0.28","40","12","74","205","0.540540540540541","0.0916030534351145","0.769230769230769","0.634920634920635"
"237","109,121,135,91,152,68,226,39,176,122,119,70,9,145,88,227,225,184,201,222,37,22,38,117,187,139,195,211,21,107,233,67,137,18,17,90,125,213,209,53,158,202,24,46,216,220,42,15,141,169,19,229,98,155,78,204,149,56,99,89,4,207,148,102,159,61,45,235,173,101,224,43,118,215,84,26,81,12,128,103,13,75,127,76,146,34,165,214,157,3,192,33,104,170,154,25,191,40,200,161,178,115,5,180,217,168,66,237,228,28,36,27,196,7,234,57,80,52,208,2,140,194,69,71,205,171,133,31,60,79,92,32,116,236,95,143,129,151,219,113,199,197,64,108,210,144,203,186,85,87,47,120,163,153,183,20,1,110,174,112,136,123,65,105,166,63,41,58,230,73,72,150,147,160,35,54,30,23,198,44,231,175,138,131,93,82,181,134,206,77,177,164,179,8,167,74,132,114,111,189,29,190,221,94,100,223,83,126,48,14,172,218,16,10,59,6,232,212,97,182,156,51,50,55,62,185,130,86,106,124,188,11,96,162,193,49,142","0.29","39","12","74","205","0.527027027027027","0.0916030534351145","0.764705882352941","0.624"
"237","109,121,135,91,152,68,226,39,176,122,119,70,9,145,88,227,225,184,201,222,37,22,38,117,187,139,195,211,21,107,233,67,137,18,17,90,125,213,209,53,158,202,24,46,216,220,42,15,141,169,19,229,98,155,78,204,149,56,99,89,4,207,148,102,159,61,45,235,173,101,224,43,118,215,84,26,81,12,128,103,13,75,127,76,146,34,165,214,157,3,192,33,104,170,154,25,191,40,200,161,178,115,5,180,217,168,66,237,228,28,36,27,196,7,234,57,80,52,208,2,140,194,69,71,205,171,133,31,60,79,92,32,116,236,95,143,129,151,219,113,199,197,64,108,210,144,203,186,85,87,47,120,163,153,183,20,1,110,174,112,136,123,65,105,166,63,41,58,230,73,72,150,147,160,35,54,30,23,198,44,231,175,138,131,93,82,181,134,206,77,177,164,179,8,167,74,132,114,111,189,29,190,221,94,100,223,83,126,48,14,172,218,16,10,59,6,232,212,97,182,156,51,50,55,62,185,130,86,106,124,188,11,96,162,193,49,142","0.3","39","12","74","205","0.527027027027027","0.0916030534351145","0.764705882352941","0.624"
"237","109,121,135,91,152,68,226,39,176,122,119,70,9,145,88,227,225,184,201,222,37,22,38,117,187,139,195,211,21,107,233,67,137,18,17,90,125,213,209,53,158,202,24,46,216,220,42,15,141,169,19,229,98,155,78,204,149,56,99,89,4,207,148,102,159,61,45,235,173,101,224,43,118,215,84,26,81,12,128,103,13,75,127,76,146,34,165,214,157,3,192,33,104,170,154,25,191,40,200,161,178,115,5,180,217,168,66,237,228,28,36,27,196,7,234,57,80,52,208,2,140,194,69,71,205,171,133,31,60,79,92,32,116,236,95,143,129,151,219,113,199,197,64,108,210,144,203,186,85,87,47,120,163,153,183,20,1,110,174,112,136,123,65,105,166,63,41,58,230,73,72,150,147,160,35,54,30,23,198,44,231,175,138,131,93,82,181,134,206,77,177,164,179,8,167,74,132,114,111,189,29,190,221,94,100,223,83,126,48,14,172,218,16,10,59,6,232,212,97,182,156,51,50,55,62,185,130,86,106,124,188,11,96,162,193,49,142","0.31","39","12","74","205","0.527027027027027","0.0916030534351145","0.764705882352941","0.624"
"237","109,121,135,91,152,68,226,39,176,122,119,70,9,145,88,227,225,184,201,222,37,22,38,117,187,139,195,211,21,107,233,67,137,18,17,90,125,213,209,53,158,202,24,46,216,220,42,15,141,169,19,229,98,155,78,204,149,56,99,89,4,207,148,102,159,61,45,235,173,101,224,43,118,215,84,26,81,12,128,103,13,75,127,76,146,34,165,214,157,3,192,33,104,170,154,25,191,40,200,161,178,115,5,180,217,168,66,237,228,28,36,27,196,7,234,57,80,52,208,2,140,194,69,71,205,171,133,31,60,79,92,32,116,236,95,143,129,151,219,113,199,197,64,108,210,144,203,186,85,87,47,120,163,153,183,20,1,110,174,112,136,123,65,105,166,63,41,58,230,73,72,150,147,160,35,54,30,23,198,44,231,175,138,131,93,82,181,134,206,77,177,164,179,8,167,74,132,114,111,189,29,190,221,94,100,223,83,126,48,14,172,218,16,10,59,6,232,212,97,182,156,51,50,55,62,185,130,86,106,124,188,11,96,162,193,49,142","0.32","39","11","74","205","0.527027027027027","0.083969465648855","0.78","0.629032258064516"
"237","109,121,135,91,152,68,226,39,176,122,119,70,9,145,88,227,225,184,201,222,37,22,38,117,187,139,195,211,21,107,233,67,137,18,17,90,125,213,209,53,158,202,24,46,216,220,42,15,141,169,19,229,98,155,78,204,149,56,99,89,4,207,148,102,159,61,45,235,173,101,224,43,118,215,84,26,81,12,128,103,13,75,127,76,146,34,165,214,157,3,192,33,104,170,154,25,191,40,200,161,178,115,5,180,217,168,66,237,228,28,36,27,196,7,234,57,80,52,208,2,140,194,69,71,205,171,133,31,60,79,92,32,116,236,95,143,129,151,219,113,199,197,64,108,210,144,203,186,85,87,47,120,163,153,183,20,1,110,174,112,136,123,65,105,166,63,41,58,230,73,72,150,147,160,35,54,30,23,198,44,231,175,138,131,93,82,181,134,206,77,177,164,179,8,167,74,132,114,111,189,29,190,221,94,100,223,83,126,48,14,172,218,16,10,59,6,232,212,97,182,156,51,50,55,62,185,130,86,106,124,188,11,96,162,193,49,142","0.33","39","11","74","205","0.527027027027027","0.083969465648855","0.78","0.629032258064516"
"237","109,121,135,91,152,68,226,39,176,122,119,70,9,145,88,227,225,184,201,222,37,22,38,117,187,139,195,211,21,107,233,67,137,18,17,90,125,213,209,53,158,202,24,46,216,220,42,15,141,169,19,229,98,155,78,204,149,56,99,89,4,207,148,102,159,61,45,235,173,101,224,43,118,215,84,26,81,12,128,103,13,75,127,76,146,34,165,214,157,3,192,33,104,170,154,25,191,40,200,161,178,115,5,180,217,168,66,237,228,28,36,27,196,7,234,57,80,52,208,2,140,194,69,71,205,171,133,31,60,79,92,32,116,236,95,143,129,151,219,113,199,197,64,108,210,144,203,186,85,87,47,120,163,153,183,20,1,110,174,112,136,123,65,105,166,63,41,58,230,73,72,150,147,160,35,54,30,23,198,44,231,175,138,131,93,82,181,134,206,77,177,164,179,8,167,74,132,114,111,189,29,190,221,94,100,223,83,126,48,14,172,218,16,10,59,6,232,212,97,182,156,51,50,55,62,185,130,86,106,124,188,11,96,162,193,49,142","0.34","39","10","74","205","0.527027027027027","0.0763358778625954","0.795918367346939","0.634146341463415"
"237","109,121,135,91,152,68,226,39,176,122,119,70,9,145,88,227,225,184,201,222,37,22,38,117,187,139,195,211,21,107,233,67,137,18,17,90,125,213,209,53,158,202,24,46,216,220,42,15,141,169,19,229,98,155,78,204,149,56,99,89,4,207,148,102,159,61,45,235,173,101,224,43,118,215,84,26,81,12,128,103,13,75,127,76,146,34,165,214,157,3,192,33,104,170,154,25,191,40,200,161,178,115,5,180,217,168,66,237,228,28,36,27,196,7,234,57,80,52,208,2,140,194,69,71,205,171,133,31,60,79,92,32,116,236,95,143,129,151,219,113,199,197,64,108,210,144,203,186,85,87,47,120,163,153,183,20,1,110,174,112,136,123,65,105,166,63,41,58,230,73,72,150,147,160,35,54,30,23,198,44,231,175,138,131,93,82,181,134,206,77,177,164,179,8,167,74,132,114,111,189,29,190,221,94,100,223,83,126,48,14,172,218,16,10,59,6,232,212,97,182,156,51,50,55,62,185,130,86,106,124,188,11,96,162,193,49,142","0.35","39","10","74","205","0.527027027027027","0.0763358778625954","0.795918367346939","0.634146341463415"
"237","109,121,135,91,152,68,226,39,176,122,119,70,9,145,88,227,225,184,201,222,37,22,38,117,187,139,195,211,21,107,233,67,137,18,17,90,125,213,209,53,158,202,24,46,216,220,42,15,141,169,19,229,98,155,78,204,149,56,99,89,4,207,148,102,159,61,45,235,173,101,224,43,118,215,84,26,81,12,128,103,13,75,127,76,146,34,165,214,157,3,192,33,104,170,154,25,191,40,200,161,178,115,5,180,217,168,66,237,228,28,36,27,196,7,234,57,80,52,208,2,140,194,69,71,205,171,133,31,60,79,92,32,116,236,95,143,129,151,219,113,199,197,64,108,210,144,203,186,85,87,47,120,163,153,183,20,1,110,174,112,136,123,65,105,166,63,41,58,230,73,72,150,147,160,35,54,30,23,198,44,231,175,138,131,93,82,181,134,206,77,177,164,179,8,167,74,132,114,111,189,29,190,221,94,100,223,83,126,48,14,172,218,16,10,59,6,232,212,97,182,156,51,50,55,62,185,130,86,106,124,188,11,96,162,193,49,142","0.36","39","9","74","205","0.527027027027027","0.0687022900763359","0.8125","0.639344262295082"
"237","109,121,135,91,152,68,226,39,176,122,119,70,9,145,88,227,225,184,201,222,37,22,38,117,187,139,195,211,21,107,233,67,137,18,17,90,125,213,209,53,158,202,24,46,216,220,42,15,141,169,19,229,98,155,78,204,149,56,99,89,4,207,148,102,159,61,45,235,173,101,224,43,118,215,84,26,81,12,128,103,13,75,127,76,146,34,165,214,157,3,192,33,104,170,154,25,191,40,200,161,178,115,5,180,217,168,66,237,228,28,36,27,196,7,234,57,80,52,208,2,140,194,69,71,205,171,133,31,60,79,92,32,116,236,95,143,129,151,219,113,199,197,64,108,210,144,203,186,85,87,47,120,163,153,183,20,1,110,174,112,136,123,65,105,166,63,41,58,230,73,72,150,147,160,35,54,30,23,198,44,231,175,138,131,93,82,181,134,206,77,177,164,179,8,167,74,132,114,111,189,29,190,221,94,100,223,83,126,48,14,172,218,16,10,59,6,232,212,97,182,156,51,50,55,62,185,130,86,106,124,188,11,96,162,193,49,142","0.37","39","9","74","205","0.527027027027027","0.0687022900763359","0.8125","0.639344262295082"
"237","109,121,135,91,152,68,226,39,176,122,119,70,9,145,88,227,225,184,201,222,37,22,38,117,187,139,195,211,21,107,233,67,137,18,17,90,125,213,209,53,158,202,24,46,216,220,42,15,141,169,19,229,98,155,78,204,149,56,99,89,4,207,148,102,159,61,45,235,173,101,224,43,118,215,84,26,81,12,128,103,13,75,127,76,146,34,165,214,157,3,192,33,104,170,154,25,191,40,200,161,178,115,5,180,217,168,66,237,228,28,36,27,196,7,234,57,80,52,208,2,140,194,69,71,205,171,133,31,60,79,92,32,116,236,95,143,129,151,219,113,199,197,64,108,210,144,203,186,85,87,47,120,163,153,183,20,1,110,174,112,136,123,65,105,166,63,41,58,230,73,72,150,147,160,35,54,30,23,198,44,231,175,138,131,93,82,181,134,206,77,177,164,179,8,167,74,132,114,111,189,29,190,221,94,100,223,83,126,48,14,172,218,16,10,59,6,232,212,97,182,156,51,50,55,62,185,130,86,106,124,188,11,96,162,193,49,142","0.38","39","9","74","205","0.527027027027027","0.0687022900763359","0.8125","0.639344262295082"
"237","109,121,135,91,152,68,226,39,176,122,119,70,9,145,88,227,225,184,201,222,37,22,38,117,187,139,195,211,21,107,233,67,137,18,17,90,125,213,209,53,158,202,24,46,216,220,42,15,141,169,19,229,98,155,78,204,149,56,99,89,4,207,148,102,159,61,45,235,173,101,224,43,118,215,84,26,81,12,128,103,13,75,127,76,146,34,165,214,157,3,192,33,104,170,154,25,191,40,200,161,178,115,5,180,217,168,66,237,228,28,36,27,196,7,234,57,80,52,208,2,140,194,69,71,205,171,133,31,60,79,92,32,116,236,95,143,129,151,219,113,199,197,64,108,210,144,203,186,85,87,47,120,163,153,183,20,1,110,174,112,136,123,65,105,166,63,41,58,230,73,72,150,147,160,35,54,30,23,198,44,231,175,138,131,93,82,181,134,206,77,177,164,179,8,167,74,132,114,111,189,29,190,221,94,100,223,83,126,48,14,172,218,16,10,59,6,232,212,97,182,156,51,50,55,62,185,130,86,106,124,188,11,96,162,193,49,142","0.39","39","9","74","205","0.527027027027027","0.0687022900763359","0.8125","0.639344262295082"
"237","109,121,135,91,152,68,226,39,176,122,119,70,9,145,88,227,225,184,201,222,37,22,38,117,187,139,195,211,21,107,233,67,137,18,17,90,125,213,209,53,158,202,24,46,216,220,42,15,141,169,19,229,98,155,78,204,149,56,99,89,4,207,148,102,159,61,45,235,173,101,224,43,118,215,84,26,81,12,128,103,13,75,127,76,146,34,165,214,157,3,192,33,104,170,154,25,191,40,200,161,178,115,5,180,217,168,66,237,228,28,36,27,196,7,234,57,80,52,208,2,140,194,69,71,205,171,133,31,60,79,92,32,116,236,95,143,129,151,219,113,199,197,64,108,210,144,203,186,85,87,47,120,163,153,183,20,1,110,174,112,136,123,65,105,166,63,41,58,230,73,72,150,147,160,35,54,30,23,198,44,231,175,138,131,93,82,181,134,206,77,177,164,179,8,167,74,132,114,111,189,29,190,221,94,100,223,83,126,48,14,172,218,16,10,59,6,232,212,97,182,156,51,50,55,62,185,130,86,106,124,188,11,96,162,193,49,142","0.4","39","9","74","205","0.527027027027027","0.0687022900763359","0.8125","0.639344262295082"
"237","109,121,135,91,152,68,226,39,176,122,119,70,9,145,88,227,225,184,201,222,37,22,38,117,187,139,195,211,21,107,233,67,137,18,17,90,125,213,209,53,158,202,24,46,216,220,42,15,141,169,19,229,98,155,78,204,149,56,99,89,4,207,148,102,159,61,45,235,173,101,224,43,118,215,84,26,81,12,128,103,13,75,127,76,146,34,165,214,157,3,192,33,104,170,154,25,191,40,200,161,178,115,5,180,217,168,66,237,228,28,36,27,196,7,234,57,80,52,208,2,140,194,69,71,205,171,133,31,60,79,92,32,116,236,95,143,129,151,219,113,199,197,64,108,210,144,203,186,85,87,47,120,163,153,183,20,1,110,174,112,136,123,65,105,166,63,41,58,230,73,72,150,147,160,35,54,30,23,198,44,231,175,138,131,93,82,181,134,206,77,177,164,179,8,167,74,132,114,111,189,29,190,221,94,100,223,83,126,48,14,172,218,16,10,59,6,232,212,97,182,156,51,50,55,62,185,130,86,106,124,188,11,96,162,193,49,142","0.41","39","9","74","205","0.527027027027027","0.0687022900763359","0.8125","0.639344262295082"
"237","109,121,135,91,152,68,226,39,176,122,119,70,9,145,88,227,225,184,201,222,37,22,38,117,187,139,195,211,21,107,233,67,137,18,17,90,125,213,209,53,158,202,24,46,216,220,42,15,141,169,19,229,98,155,78,204,149,56,99,89,4,207,148,102,159,61,45,235,173,101,224,43,118,215,84,26,81,12,128,103,13,75,127,76,146,34,165,214,157,3,192,33,104,170,154,25,191,40,200,161,178,115,5,180,217,168,66,237,228,28,36,27,196,7,234,57,80,52,208,2,140,194,69,71,205,171,133,31,60,79,92,32,116,236,95,143,129,151,219,113,199,197,64,108,210,144,203,186,85,87,47,120,163,153,183,20,1,110,174,112,136,123,65,105,166,63,41,58,230,73,72,150,147,160,35,54,30,23,198,44,231,175,138,131,93,82,181,134,206,77,177,164,179,8,167,74,132,114,111,189,29,190,221,94,100,223,83,126,48,14,172,218,16,10,59,6,232,212,97,182,156,51,50,55,62,185,130,86,106,124,188,11,96,162,193,49,142","0.42","39","9","74","205","0.527027027027027","0.0687022900763359","0.8125","0.639344262295082"
"237","109,121,135,91,152,68,226,39,176,122,119,70,9,145,88,227,225,184,201,222,37,22,38,117,187,139,195,211,21,107,233,67,137,18,17,90,125,213,209,53,158,202,24,46,216,220,42,15,141,169,19,229,98,155,78,204,149,56,99,89,4,207,148,102,159,61,45,235,173,101,224,43,118,215,84,26,81,12,128,103,13,75,127,76,146,34,165,214,157,3,192,33,104,170,154,25,191,40,200,161,178,115,5,180,217,168,66,237,228,28,36,27,196,7,234,57,80,52,208,2,140,194,69,71,205,171,133,31,60,79,92,32,116,236,95,143,129,151,219,113,199,197,64,108,210,144,203,186,85,87,47,120,163,153,183,20,1,110,174,112,136,123,65,105,166,63,41,58,230,73,72,150,147,160,35,54,30,23,198,44,231,175,138,131,93,82,181,134,206,77,177,164,179,8,167,74,132,114,111,189,29,190,221,94,100,223,83,126,48,14,172,218,16,10,59,6,232,212,97,182,156,51,50,55,62,185,130,86,106,124,188,11,96,162,193,49,142","0.43","39","9","74","205","0.527027027027027","0.0687022900763359","0.8125","0.639344262295082"
"237","109,121,135,91,152,68,226,39,176,122,119,70,9,145,88,227,225,184,201,222,37,22,38,117,187,139,195,211,21,107,233,67,137,18,17,90,125,213,209,53,158,202,24,46,216,220,42,15,141,169,19,229,98,155,78,204,149,56,99,89,4,207,148,102,159,61,45,235,173,101,224,43,118,215,84,26,81,12,128,103,13,75,127,76,146,34,165,214,157,3,192,33,104,170,154,25,191,40,200,161,178,115,5,180,217,168,66,237,228,28,36,27,196,7,234,57,80,52,208,2,140,194,69,71,205,171,133,31,60,79,92,32,116,236,95,143,129,151,219,113,199,197,64,108,210,144,203,186,85,87,47,120,163,153,183,20,1,110,174,112,136,123,65,105,166,63,41,58,230,73,72,150,147,160,35,54,30,23,198,44,231,175,138,131,93,82,181,134,206,77,177,164,179,8,167,74,132,114,111,189,29,190,221,94,100,223,83,126,48,14,172,218,16,10,59,6,232,212,97,182,156,51,50,55,62,185,130,86,106,124,188,11,96,162,193,49,142","0.44","38","9","74","205","0.513513513513513","0.0687022900763359","0.808510638297872","0.628099173553719"
"237","109,121,135,91,152,68,226,39,176,122,119,70,9,145,88,227,225,184,201,222,37,22,38,117,187,139,195,211,21,107,233,67,137,18,17,90,125,213,209,53,158,202,24,46,216,220,42,15,141,169,19,229,98,155,78,204,149,56,99,89,4,207,148,102,159,61,45,235,173,101,224,43,118,215,84,26,81,12,128,103,13,75,127,76,146,34,165,214,157,3,192,33,104,170,154,25,191,40,200,161,178,115,5,180,217,168,66,237,228,28,36,27,196,7,234,57,80,52,208,2,140,194,69,71,205,171,133,31,60,79,92,32,116,236,95,143,129,151,219,113,199,197,64,108,210,144,203,186,85,87,47,120,163,153,183,20,1,110,174,112,136,123,65,105,166,63,41,58,230,73,72,150,147,160,35,54,30,23,198,44,231,175,138,131,93,82,181,134,206,77,177,164,179,8,167,74,132,114,111,189,29,190,221,94,100,223,83,126,48,14,172,218,16,10,59,6,232,212,97,182,156,51,50,55,62,185,130,86,106,124,188,11,96,162,193,49,142","0.45","38","9","74","205","0.513513513513513","0.0687022900763359","0.808510638297872","0.628099173553719"
"237","109,121,135,91,152,68,226,39,176,122,119,70,9,145,88,227,225,184,201,222,37,22,38,117,187,139,195,211,21,107,233,67,137,18,17,90,125,213,209,53,158,202,24,46,216,220,42,15,141,169,19,229,98,155,78,204,149,56,99,89,4,207,148,102,159,61,45,235,173,101,224,43,118,215,84,26,81,12,128,103,13,75,127,76,146,34,165,214,157,3,192,33,104,170,154,25,191,40,200,161,178,115,5,180,217,168,66,237,228,28,36,27,196,7,234,57,80,52,208,2,140,194,69,71,205,171,133,31,60,79,92,32,116,236,95,143,129,151,219,113,199,197,64,108,210,144,203,186,85,87,47,120,163,153,183,20,1,110,174,112,136,123,65,105,166,63,41,58,230,73,72,150,147,160,35,54,30,23,198,44,231,175,138,131,93,82,181,134,206,77,177,164,179,8,167,74,132,114,111,189,29,190,221,94,100,223,83,126,48,14,172,218,16,10,59,6,232,212,97,182,156,51,50,55,62,185,130,86,106,124,188,11,96,162,193,49,142","0.46","38","9","74","205","0.513513513513513","0.0687022900763359","0.808510638297872","0.628099173553719"
"237","109,121,135,91,152,68,226,39,176,122,119,70,9,145,88,227,225,184,201,222,37,22,38,117,187,139,195,211,21,107,233,67,137,18,17,90,125,213,209,53,158,202,24,46,216,220,42,15,141,169,19,229,98,155,78,204,149,56,99,89,4,207,148,102,159,61,45,235,173,101,224,43,118,215,84,26,81,12,128,103,13,75,127,76,146,34,165,214,157,3,192,33,104,170,154,25,191,40,200,161,178,115,5,180,217,168,66,237,228,28,36,27,196,7,234,57,80,52,208,2,140,194,69,71,205,171,133,31,60,79,92,32,116,236,95,143,129,151,219,113,199,197,64,108,210,144,203,186,85,87,47,120,163,153,183,20,1,110,174,112,136,123,65,105,166,63,41,58,230,73,72,150,147,160,35,54,30,23,198,44,231,175,138,131,93,82,181,134,206,77,177,164,179,8,167,74,132,114,111,189,29,190,221,94,100,223,83,126,48,14,172,218,16,10,59,6,232,212,97,182,156,51,50,55,62,185,130,86,106,124,188,11,96,162,193,49,142","0.47","38","9","74","205","0.513513513513513","0.0687022900763359","0.808510638297872","0.628099173553719"
"237","109,121,135,91,152,68,226,39,176,122,119,70,9,145,88,227,225,184,201,222,37,22,38,117,187,139,195,211,21,107,233,67,137,18,17,90,125,213,209,53,158,202,24,46,216,220,42,15,141,169,19,229,98,155,78,204,149,56,99,89,4,207,148,102,159,61,45,235,173,101,224,43,118,215,84,26,81,12,128,103,13,75,127,76,146,34,165,214,157,3,192,33,104,170,154,25,191,40,200,161,178,115,5,180,217,168,66,237,228,28,36,27,196,7,234,57,80,52,208,2,140,194,69,71,205,171,133,31,60,79,92,32,116,236,95,143,129,151,219,113,199,197,64,108,210,144,203,186,85,87,47,120,163,153,183,20,1,110,174,112,136,123,65,105,166,63,41,58,230,73,72,150,147,160,35,54,30,23,198,44,231,175,138,131,93,82,181,134,206,77,177,164,179,8,167,74,132,114,111,189,29,190,221,94,100,223,83,126,48,14,172,218,16,10,59,6,232,212,97,182,156,51,50,55,62,185,130,86,106,124,188,11,96,162,193,49,142","0.48","38","9","74","205","0.513513513513513","0.0687022900763359","0.808510638297872","0.628099173553719"
"237","109,121,135,91,152,68,226,39,176,122,119,70,9,145,88,227,225,184,201,222,37,22,38,117,187,139,195,211,21,107,233,67,137,18,17,90,125,213,209,53,158,202,24,46,216,220,42,15,141,169,19,229,98,155,78,204,149,56,99,89,4,207,148,102,159,61,45,235,173,101,224,43,118,215,84,26,81,12,128,103,13,75,127,76,146,34,165,214,157,3,192,33,104,170,154,25,191,40,200,161,178,115,5,180,217,168,66,237,228,28,36,27,196,7,234,57,80,52,208,2,140,194,69,71,205,171,133,31,60,79,92,32,116,236,95,143,129,151,219,113,199,197,64,108,210,144,203,186,85,87,47,120,163,153,183,20,1,110,174,112,136,123,65,105,166,63,41,58,230,73,72,150,147,160,35,54,30,23,198,44,231,175,138,131,93,82,181,134,206,77,177,164,179,8,167,74,132,114,111,189,29,190,221,94,100,223,83,126,48,14,172,218,16,10,59,6,232,212,97,182,156,51,50,55,62,185,130,86,106,124,188,11,96,162,193,49,142","0.49","38","8","74","205","0.513513513513513","0.0610687022900763","0.826086956521739","0.633333333333333"
"237","109,121,135,91,152,68,226,39,176,122,119,70,9,145,88,227,225,184,201,222,37,22,38,117,187,139,195,211,21,107,233,67,137,18,17,90,125,213,209,53,158,202,24,46,216,220,42,15,141,169,19,229,98,155,78,204,149,56,99,89,4,207,148,102,159,61,45,235,173,101,224,43,118,215,84,26,81,12,128,103,13,75,127,76,146,34,165,214,157,3,192,33,104,170,154,25,191,40,200,161,178,115,5,180,217,168,66,237,228,28,36,27,196,7,234,57,80,52,208,2,140,194,69,71,205,171,133,31,60,79,92,32,116,236,95,143,129,151,219,113,199,197,64,108,210,144,203,186,85,87,47,120,163,153,183,20,1,110,174,112,136,123,65,105,166,63,41,58,230,73,72,150,147,160,35,54,30,23,198,44,231,175,138,131,93,82,181,134,206,77,177,164,179,8,167,74,132,114,111,189,29,190,221,94,100,223,83,126,48,14,172,218,16,10,59,6,232,212,97,182,156,51,50,55,62,185,130,86,106,124,188,11,96,162,193,49,142","0.5","38","7","74","205","0.513513513513513","0.0534351145038168","0.844444444444444","0.638655462184874"
"237","109,121,135,91,152,68,226,39,176,122,119,70,9,145,88,227,225,184,201,222,37,22,38,117,187,139,195,211,21,107,233,67,137,18,17,90,125,213,209,53,158,202,24,46,216,220,42,15,141,169,19,229,98,155,78,204,149,56,99,89,4,207,148,102,159,61,45,235,173,101,224,43,118,215,84,26,81,12,128,103,13,75,127,76,146,34,165,214,157,3,192,33,104,170,154,25,191,40,200,161,178,115,5,180,217,168,66,237,228,28,36,27,196,7,234,57,80,52,208,2,140,194,69,71,205,171,133,31,60,79,92,32,116,236,95,143,129,151,219,113,199,197,64,108,210,144,203,186,85,87,47,120,163,153,183,20,1,110,174,112,136,123,65,105,166,63,41,58,230,73,72,150,147,160,35,54,30,23,198,44,231,175,138,131,93,82,181,134,206,77,177,164,179,8,167,74,132,114,111,189,29,190,221,94,100,223,83,126,48,14,172,218,16,10,59,6,232,212,97,182,156,51,50,55,62,185,130,86,106,124,188,11,96,162,193,49,142","0.51","38","7","74","205","0.513513513513513","0.0534351145038168","0.844444444444444","0.638655462184874"
"237","109,121,135,91,152,68,226,39,176,122,119,70,9,145,88,227,225,184,201,222,37,22,38,117,187,139,195,211,21,107,233,67,137,18,17,90,125,213,209,53,158,202,24,46,216,220,42,15,141,169,19,229,98,155,78,204,149,56,99,89,4,207,148,102,159,61,45,235,173,101,224,43,118,215,84,26,81,12,128,103,13,75,127,76,146,34,165,214,157,3,192,33,104,170,154,25,191,40,200,161,178,115,5,180,217,168,66,237,228,28,36,27,196,7,234,57,80,52,208,2,140,194,69,71,205,171,133,31,60,79,92,32,116,236,95,143,129,151,219,113,199,197,64,108,210,144,203,186,85,87,47,120,163,153,183,20,1,110,174,112,136,123,65,105,166,63,41,58,230,73,72,150,147,160,35,54,30,23,198,44,231,175,138,131,93,82,181,134,206,77,177,164,179,8,167,74,132,114,111,189,29,190,221,94,100,223,83,126,48,14,172,218,16,10,59,6,232,212,97,182,156,51,50,55,62,185,130,86,106,124,188,11,96,162,193,49,142","0.52","38","7","74","205","0.513513513513513","0.0534351145038168","0.844444444444444","0.638655462184874"
"237","109,121,135,91,152,68,226,39,176,122,119,70,9,145,88,227,225,184,201,222,37,22,38,117,187,139,195,211,21,107,233,67,137,18,17,90,125,213,209,53,158,202,24,46,216,220,42,15,141,169,19,229,98,155,78,204,149,56,99,89,4,207,148,102,159,61,45,235,173,101,224,43,118,215,84,26,81,12,128,103,13,75,127,76,146,34,165,214,157,3,192,33,104,170,154,25,191,40,200,161,178,115,5,180,217,168,66,237,228,28,36,27,196,7,234,57,80,52,208,2,140,194,69,71,205,171,133,31,60,79,92,32,116,236,95,143,129,151,219,113,199,197,64,108,210,144,203,186,85,87,47,120,163,153,183,20,1,110,174,112,136,123,65,105,166,63,41,58,230,73,72,150,147,160,35,54,30,23,198,44,231,175,138,131,93,82,181,134,206,77,177,164,179,8,167,74,132,114,111,189,29,190,221,94,100,223,83,126,48,14,172,218,16,10,59,6,232,212,97,182,156,51,50,55,62,185,130,86,106,124,188,11,96,162,193,49,142","0.53","38","6","74","205","0.513513513513513","0.0458015267175573","0.863636363636364","0.644067796610169"
"237","109,121,135,91,152,68,226,39,176,122,119,70,9,145,88,227,225,184,201,222,37,22,38,117,187,139,195,211,21,107,233,67,137,18,17,90,125,213,209,53,158,202,24,46,216,220,42,15,141,169,19,229,98,155,78,204,149,56,99,89,4,207,148,102,159,61,45,235,173,101,224,43,118,215,84,26,81,12,128,103,13,75,127,76,146,34,165,214,157,3,192,33,104,170,154,25,191,40,200,161,178,115,5,180,217,168,66,237,228,28,36,27,196,7,234,57,80,52,208,2,140,194,69,71,205,171,133,31,60,79,92,32,116,236,95,143,129,151,219,113,199,197,64,108,210,144,203,186,85,87,47,120,163,153,183,20,1,110,174,112,136,123,65,105,166,63,41,58,230,73,72,150,147,160,35,54,30,23,198,44,231,175,138,131,93,82,181,134,206,77,177,164,179,8,167,74,132,114,111,189,29,190,221,94,100,223,83,126,48,14,172,218,16,10,59,6,232,212,97,182,156,51,50,55,62,185,130,86,106,124,188,11,96,162,193,49,142","0.54","37","5","74","205","0.5","0.0381679389312977","0.880952380952381","0.637931034482759"
"237","109,121,135,91,152,68,226,39,176,122,119,70,9,145,88,227,225,184,201,222,37,22,38,117,187,139,195,211,21,107,233,67,137,18,17,90,125,213,209,53,158,202,24,46,216,220,42,15,141,169,19,229,98,155,78,204,149,56,99,89,4,207,148,102,159,61,45,235,173,101,224,43,118,215,84,26,81,12,128,103,13,75,127,76,146,34,165,214,157,3,192,33,104,170,154,25,191,40,200,161,178,115,5,180,217,168,66,237,228,28,36,27,196,7,234,57,80,52,208,2,140,194,69,71,205,171,133,31,60,79,92,32,116,236,95,143,129,151,219,113,199,197,64,108,210,144,203,186,85,87,47,120,163,153,183,20,1,110,174,112,136,123,65,105,166,63,41,58,230,73,72,150,147,160,35,54,30,23,198,44,231,175,138,131,93,82,181,134,206,77,177,164,179,8,167,74,132,114,111,189,29,190,221,94,100,223,83,126,48,14,172,218,16,10,59,6,232,212,97,182,156,51,50,55,62,185,130,86,106,124,188,11,96,162,193,49,142","0.55","37","5","74","205","0.5","0.0381679389312977","0.880952380952381","0.637931034482759"
"237","109,121,135,91,152,68,226,39,176,122,119,70,9,145,88,227,225,184,201,222,37,22,38,117,187,139,195,211,21,107,233,67,137,18,17,90,125,213,209,53,158,202,24,46,216,220,42,15,141,169,19,229,98,155,78,204,149,56,99,89,4,207,148,102,159,61,45,235,173,101,224,43,118,215,84,26,81,12,128,103,13,75,127,76,146,34,165,214,157,3,192,33,104,170,154,25,191,40,200,161,178,115,5,180,217,168,66,237,228,28,36,27,196,7,234,57,80,52,208,2,140,194,69,71,205,171,133,31,60,79,92,32,116,236,95,143,129,151,219,113,199,197,64,108,210,144,203,186,85,87,47,120,163,153,183,20,1,110,174,112,136,123,65,105,166,63,41,58,230,73,72,150,147,160,35,54,30,23,198,44,231,175,138,131,93,82,181,134,206,77,177,164,179,8,167,74,132,114,111,189,29,190,221,94,100,223,83,126,48,14,172,218,16,10,59,6,232,212,97,182,156,51,50,55,62,185,130,86,106,124,188,11,96,162,193,49,142","0.56","37","5","74","205","0.5","0.0381679389312977","0.880952380952381","0.637931034482759"
"237","109,121,135,91,152,68,226,39,176,122,119,70,9,145,88,227,225,184,201,222,37,22,38,117,187,139,195,211,21,107,233,67,137,18,17,90,125,213,209,53,158,202,24,46,216,220,42,15,141,169,19,229,98,155,78,204,149,56,99,89,4,207,148,102,159,61,45,235,173,101,224,43,118,215,84,26,81,12,128,103,13,75,127,76,146,34,165,214,157,3,192,33,104,170,154,25,191,40,200,161,178,115,5,180,217,168,66,237,228,28,36,27,196,7,234,57,80,52,208,2,140,194,69,71,205,171,133,31,60,79,92,32,116,236,95,143,129,151,219,113,199,197,64,108,210,144,203,186,85,87,47,120,163,153,183,20,1,110,174,112,136,123,65,105,166,63,41,58,230,73,72,150,147,160,35,54,30,23,198,44,231,175,138,131,93,82,181,134,206,77,177,164,179,8,167,74,132,114,111,189,29,190,221,94,100,223,83,126,48,14,172,218,16,10,59,6,232,212,97,182,156,51,50,55,62,185,130,86,106,124,188,11,96,162,193,49,142","0.57","37","5","74","205","0.5","0.0381679389312977","0.880952380952381","0.637931034482759"
"237","109,121,135,91,152,68,226,39,176,122,119,70,9,145,88,227,225,184,201,222,37,22,38,117,187,139,195,211,21,107,233,67,137,18,17,90,125,213,209,53,158,202,24,46,216,220,42,15,141,169,19,229,98,155,78,204,149,56,99,89,4,207,148,102,159,61,45,235,173,101,224,43,118,215,84,26,81,12,128,103,13,75,127,76,146,34,165,214,157,3,192,33,104,170,154,25,191,40,200,161,178,115,5,180,217,168,66,237,228,28,36,27,196,7,234,57,80,52,208,2,140,194,69,71,205,171,133,31,60,79,92,32,116,236,95,143,129,151,219,113,199,197,64,108,210,144,203,186,85,87,47,120,163,153,183,20,1,110,174,112,136,123,65,105,166,63,41,58,230,73,72,150,147,160,35,54,30,23,198,44,231,175,138,131,93,82,181,134,206,77,177,164,179,8,167,74,132,114,111,189,29,190,221,94,100,223,83,126,48,14,172,218,16,10,59,6,232,212,97,182,156,51,50,55,62,185,130,86,106,124,188,11,96,162,193,49,142","0.58","37","5","74","205","0.5","0.0381679389312977","0.880952380952381","0.637931034482759"
"237","109,121,135,91,152,68,226,39,176,122,119,70,9,145,88,227,225,184,201,222,37,22,38,117,187,139,195,211,21,107,233,67,137,18,17,90,125,213,209,53,158,202,24,46,216,220,42,15,141,169,19,229,98,155,78,204,149,56,99,89,4,207,148,102,159,61,45,235,173,101,224,43,118,215,84,26,81,12,128,103,13,75,127,76,146,34,165,214,157,3,192,33,104,170,154,25,191,40,200,161,178,115,5,180,217,168,66,237,228,28,36,27,196,7,234,57,80,52,208,2,140,194,69,71,205,171,133,31,60,79,92,32,116,236,95,143,129,151,219,113,199,197,64,108,210,144,203,186,85,87,47,120,163,153,183,20,1,110,174,112,136,123,65,105,166,63,41,58,230,73,72,150,147,160,35,54,30,23,198,44,231,175,138,131,93,82,181,134,206,77,177,164,179,8,167,74,132,114,111,189,29,190,221,94,100,223,83,126,48,14,172,218,16,10,59,6,232,212,97,182,156,51,50,55,62,185,130,86,106,124,188,11,96,162,193,49,142","0.59","37","5","74","205","0.5","0.0381679389312977","0.880952380952381","0.637931034482759"
"237","109,121,135,91,152,68,226,39,176,122,119,70,9,145,88,227,225,184,201,222,37,22,38,117,187,139,195,211,21,107,233,67,137,18,17,90,125,213,209,53,158,202,24,46,216,220,42,15,141,169,19,229,98,155,78,204,149,56,99,89,4,207,148,102,159,61,45,235,173,101,224,43,118,215,84,26,81,12,128,103,13,75,127,76,146,34,165,214,157,3,192,33,104,170,154,25,191,40,200,161,178,115,5,180,217,168,66,237,228,28,36,27,196,7,234,57,80,52,208,2,140,194,69,71,205,171,133,31,60,79,92,32,116,236,95,143,129,151,219,113,199,197,64,108,210,144,203,186,85,87,47,120,163,153,183,20,1,110,174,112,136,123,65,105,166,63,41,58,230,73,72,150,147,160,35,54,30,23,198,44,231,175,138,131,93,82,181,134,206,77,177,164,179,8,167,74,132,114,111,189,29,190,221,94,100,223,83,126,48,14,172,218,16,10,59,6,232,212,97,182,156,51,50,55,62,185,130,86,106,124,188,11,96,162,193,49,142","0.6","37","5","74","205","0.5","0.0381679389312977","0.880952380952381","0.637931034482759"
"237","109,121,135,91,152,68,226,39,176,122,119,70,9,145,88,227,225,184,201,222,37,22,38,117,187,139,195,211,21,107,233,67,137,18,17,90,125,213,209,53,158,202,24,46,216,220,42,15,141,169,19,229,98,155,78,204,149,56,99,89,4,207,148,102,159,61,45,235,173,101,224,43,118,215,84,26,81,12,128,103,13,75,127,76,146,34,165,214,157,3,192,33,104,170,154,25,191,40,200,161,178,115,5,180,217,168,66,237,228,28,36,27,196,7,234,57,80,52,208,2,140,194,69,71,205,171,133,31,60,79,92,32,116,236,95,143,129,151,219,113,199,197,64,108,210,144,203,186,85,87,47,120,163,153,183,20,1,110,174,112,136,123,65,105,166,63,41,58,230,73,72,150,147,160,35,54,30,23,198,44,231,175,138,131,93,82,181,134,206,77,177,164,179,8,167,74,132,114,111,189,29,190,221,94,100,223,83,126,48,14,172,218,16,10,59,6,232,212,97,182,156,51,50,55,62,185,130,86,106,124,188,11,96,162,193,49,142","0.61","37","5","74","205","0.5","0.0381679389312977","0.880952380952381","0.637931034482759"
"237","109,121,135,91,152,68,226,39,176,122,119,70,9,145,88,227,225,184,201,222,37,22,38,117,187,139,195,211,21,107,233,67,137,18,17,90,125,213,209,53,158,202,24,46,216,220,42,15,141,169,19,229,98,155,78,204,149,56,99,89,4,207,148,102,159,61,45,235,173,101,224,43,118,215,84,26,81,12,128,103,13,75,127,76,146,34,165,214,157,3,192,33,104,170,154,25,191,40,200,161,178,115,5,180,217,168,66,237,228,28,36,27,196,7,234,57,80,52,208,2,140,194,69,71,205,171,133,31,60,79,92,32,116,236,95,143,129,151,219,113,199,197,64,108,210,144,203,186,85,87,47,120,163,153,183,20,1,110,174,112,136,123,65,105,166,63,41,58,230,73,72,150,147,160,35,54,30,23,198,44,231,175,138,131,93,82,181,134,206,77,177,164,179,8,167,74,132,114,111,189,29,190,221,94,100,223,83,126,48,14,172,218,16,10,59,6,232,212,97,182,156,51,50,55,62,185,130,86,106,124,188,11,96,162,193,49,142","0.62","37","5","74","205","0.5","0.0381679389312977","0.880952380952381","0.637931034482759"
"237","109,121,135,91,152,68,226,39,176,122,119,70,9,145,88,227,225,184,201,222,37,22,38,117,187,139,195,211,21,107,233,67,137,18,17,90,125,213,209,53,158,202,24,46,216,220,42,15,141,169,19,229,98,155,78,204,149,56,99,89,4,207,148,102,159,61,45,235,173,101,224,43,118,215,84,26,81,12,128,103,13,75,127,76,146,34,165,214,157,3,192,33,104,170,154,25,191,40,200,161,178,115,5,180,217,168,66,237,228,28,36,27,196,7,234,57,80,52,208,2,140,194,69,71,205,171,133,31,60,79,92,32,116,236,95,143,129,151,219,113,199,197,64,108,210,144,203,186,85,87,47,120,163,153,183,20,1,110,174,112,136,123,65,105,166,63,41,58,230,73,72,150,147,160,35,54,30,23,198,44,231,175,138,131,93,82,181,134,206,77,177,164,179,8,167,74,132,114,111,189,29,190,221,94,100,223,83,126,48,14,172,218,16,10,59,6,232,212,97,182,156,51,50,55,62,185,130,86,106,124,188,11,96,162,193,49,142","0.63","37","4","74","205","0.5","0.0305343511450382","0.902439024390244","0.643478260869565"
"237","109,121,135,91,152,68,226,39,176,122,119,70,9,145,88,227,225,184,201,222,37,22,38,117,187,139,195,211,21,107,233,67,137,18,17,90,125,213,209,53,158,202,24,46,216,220,42,15,141,169,19,229,98,155,78,204,149,56,99,89,4,207,148,102,159,61,45,235,173,101,224,43,118,215,84,26,81,12,128,103,13,75,127,76,146,34,165,214,157,3,192,33,104,170,154,25,191,40,200,161,178,115,5,180,217,168,66,237,228,28,36,27,196,7,234,57,80,52,208,2,140,194,69,71,205,171,133,31,60,79,92,32,116,236,95,143,129,151,219,113,199,197,64,108,210,144,203,186,85,87,47,120,163,153,183,20,1,110,174,112,136,123,65,105,166,63,41,58,230,73,72,150,147,160,35,54,30,23,198,44,231,175,138,131,93,82,181,134,206,77,177,164,179,8,167,74,132,114,111,189,29,190,221,94,100,223,83,126,48,14,172,218,16,10,59,6,232,212,97,182,156,51,50,55,62,185,130,86,106,124,188,11,96,162,193,49,142","0.64","37","4","74","205","0.5","0.0305343511450382","0.902439024390244","0.643478260869565"
"237","109,121,135,91,152,68,226,39,176,122,119,70,9,145,88,227,225,184,201,222,37,22,38,117,187,139,195,211,21,107,233,67,137,18,17,90,125,213,209,53,158,202,24,46,216,220,42,15,141,169,19,229,98,155,78,204,149,56,99,89,4,207,148,102,159,61,45,235,173,101,224,43,118,215,84,26,81,12,128,103,13,75,127,76,146,34,165,214,157,3,192,33,104,170,154,25,191,40,200,161,178,115,5,180,217,168,66,237,228,28,36,27,196,7,234,57,80,52,208,2,140,194,69,71,205,171,133,31,60,79,92,32,116,236,95,143,129,151,219,113,199,197,64,108,210,144,203,186,85,87,47,120,163,153,183,20,1,110,174,112,136,123,65,105,166,63,41,58,230,73,72,150,147,160,35,54,30,23,198,44,231,175,138,131,93,82,181,134,206,77,177,164,179,8,167,74,132,114,111,189,29,190,221,94,100,223,83,126,48,14,172,218,16,10,59,6,232,212,97,182,156,51,50,55,62,185,130,86,106,124,188,11,96,162,193,49,142","0.65","37","3","74","205","0.5","0.0229007633587786","0.925","0.649122807017544"
"237","109,121,135,91,152,68,226,39,176,122,119,70,9,145,88,227,225,184,201,222,37,22,38,117,187,139,195,211,21,107,233,67,137,18,17,90,125,213,209,53,158,202,24,46,216,220,42,15,141,169,19,229,98,155,78,204,149,56,99,89,4,207,148,102,159,61,45,235,173,101,224,43,118,215,84,26,81,12,128,103,13,75,127,76,146,34,165,214,157,3,192,33,104,170,154,25,191,40,200,161,178,115,5,180,217,168,66,237,228,28,36,27,196,7,234,57,80,52,208,2,140,194,69,71,205,171,133,31,60,79,92,32,116,236,95,143,129,151,219,113,199,197,64,108,210,144,203,186,85,87,47,120,163,153,183,20,1,110,174,112,136,123,65,105,166,63,41,58,230,73,72,150,147,160,35,54,30,23,198,44,231,175,138,131,93,82,181,134,206,77,177,164,179,8,167,74,132,114,111,189,29,190,221,94,100,223,83,126,48,14,172,218,16,10,59,6,232,212,97,182,156,51,50,55,62,185,130,86,106,124,188,11,96,162,193,49,142","0.66","37","3","74","205","0.5","0.0229007633587786","0.925","0.649122807017544"
"237","109,121,135,91,152,68,226,39,176,122,119,70,9,145,88,227,225,184,201,222,37,22,38,117,187,139,195,211,21,107,233,67,137,18,17,90,125,213,209,53,158,202,24,46,216,220,42,15,141,169,19,229,98,155,78,204,149,56,99,89,4,207,148,102,159,61,45,235,173,101,224,43,118,215,84,26,81,12,128,103,13,75,127,76,146,34,165,214,157,3,192,33,104,170,154,25,191,40,200,161,178,115,5,180,217,168,66,237,228,28,36,27,196,7,234,57,80,52,208,2,140,194,69,71,205,171,133,31,60,79,92,32,116,236,95,143,129,151,219,113,199,197,64,108,210,144,203,186,85,87,47,120,163,153,183,20,1,110,174,112,136,123,65,105,166,63,41,58,230,73,72,150,147,160,35,54,30,23,198,44,231,175,138,131,93,82,181,134,206,77,177,164,179,8,167,74,132,114,111,189,29,190,221,94,100,223,83,126,48,14,172,218,16,10,59,6,232,212,97,182,156,51,50,55,62,185,130,86,106,124,188,11,96,162,193,49,142","0.67","37","3","74","205","0.5","0.0229007633587786","0.925","0.649122807017544"
"237","109,121,135,91,152,68,226,39,176,122,119,70,9,145,88,227,225,184,201,222,37,22,38,117,187,139,195,211,21,107,233,67,137,18,17,90,125,213,209,53,158,202,24,46,216,220,42,15,141,169,19,229,98,155,78,204,149,56,99,89,4,207,148,102,159,61,45,235,173,101,224,43,118,215,84,26,81,12,128,103,13,75,127,76,146,34,165,214,157,3,192,33,104,170,154,25,191,40,200,161,178,115,5,180,217,168,66,237,228,28,36,27,196,7,234,57,80,52,208,2,140,194,69,71,205,171,133,31,60,79,92,32,116,236,95,143,129,151,219,113,199,197,64,108,210,144,203,186,85,87,47,120,163,153,183,20,1,110,174,112,136,123,65,105,166,63,41,58,230,73,72,150,147,160,35,54,30,23,198,44,231,175,138,131,93,82,181,134,206,77,177,164,179,8,167,74,132,114,111,189,29,190,221,94,100,223,83,126,48,14,172,218,16,10,59,6,232,212,97,182,156,51,50,55,62,185,130,86,106,124,188,11,96,162,193,49,142","0.68","37","3","74","205","0.5","0.0229007633587786","0.925","0.649122807017544"
"237","109,121,135,91,152,68,226,39,176,122,119,70,9,145,88,227,225,184,201,222,37,22,38,117,187,139,195,211,21,107,233,67,137,18,17,90,125,213,209,53,158,202,24,46,216,220,42,15,141,169,19,229,98,155,78,204,149,56,99,89,4,207,148,102,159,61,45,235,173,101,224,43,118,215,84,26,81,12,128,103,13,75,127,76,146,34,165,214,157,3,192,33,104,170,154,25,191,40,200,161,178,115,5,180,217,168,66,237,228,28,36,27,196,7,234,57,80,52,208,2,140,194,69,71,205,171,133,31,60,79,92,32,116,236,95,143,129,151,219,113,199,197,64,108,210,144,203,186,85,87,47,120,163,153,183,20,1,110,174,112,136,123,65,105,166,63,41,58,230,73,72,150,147,160,35,54,30,23,198,44,231,175,138,131,93,82,181,134,206,77,177,164,179,8,167,74,132,114,111,189,29,190,221,94,100,223,83,126,48,14,172,218,16,10,59,6,232,212,97,182,156,51,50,55,62,185,130,86,106,124,188,11,96,162,193,49,142","0.69","37","3","74","205","0.5","0.0229007633587786","0.925","0.649122807017544"
"237","109,121,135,91,152,68,226,39,176,122,119,70,9,145,88,227,225,184,201,222,37,22,38,117,187,139,195,211,21,107,233,67,137,18,17,90,125,213,209,53,158,202,24,46,216,220,42,15,141,169,19,229,98,155,78,204,149,56,99,89,4,207,148,102,159,61,45,235,173,101,224,43,118,215,84,26,81,12,128,103,13,75,127,76,146,34,165,214,157,3,192,33,104,170,154,25,191,40,200,161,178,115,5,180,217,168,66,237,228,28,36,27,196,7,234,57,80,52,208,2,140,194,69,71,205,171,133,31,60,79,92,32,116,236,95,143,129,151,219,113,199,197,64,108,210,144,203,186,85,87,47,120,163,153,183,20,1,110,174,112,136,123,65,105,166,63,41,58,230,73,72,150,147,160,35,54,30,23,198,44,231,175,138,131,93,82,181,134,206,77,177,164,179,8,167,74,132,114,111,189,29,190,221,94,100,223,83,126,48,14,172,218,16,10,59,6,232,212,97,182,156,51,50,55,62,185,130,86,106,124,188,11,96,162,193,49,142","0.7","37","3","74","205","0.5","0.0229007633587786","0.925","0.649122807017544"
"237","109,121,135,91,152,68,226,39,176,122,119,70,9,145,88,227,225,184,201,222,37,22,38,117,187,139,195,211,21,107,233,67,137,18,17,90,125,213,209,53,158,202,24,46,216,220,42,15,141,169,19,229,98,155,78,204,149,56,99,89,4,207,148,102,159,61,45,235,173,101,224,43,118,215,84,26,81,12,128,103,13,75,127,76,146,34,165,214,157,3,192,33,104,170,154,25,191,40,200,161,178,115,5,180,217,168,66,237,228,28,36,27,196,7,234,57,80,52,208,2,140,194,69,71,205,171,133,31,60,79,92,32,116,236,95,143,129,151,219,113,199,197,64,108,210,144,203,186,85,87,47,120,163,153,183,20,1,110,174,112,136,123,65,105,166,63,41,58,230,73,72,150,147,160,35,54,30,23,198,44,231,175,138,131,93,82,181,134,206,77,177,164,179,8,167,74,132,114,111,189,29,190,221,94,100,223,83,126,48,14,172,218,16,10,59,6,232,212,97,182,156,51,50,55,62,185,130,86,106,124,188,11,96,162,193,49,142","0.71","37","3","74","205","0.5","0.0229007633587786","0.925","0.649122807017544"
"237","109,121,135,91,152,68,226,39,176,122,119,70,9,145,88,227,225,184,201,222,37,22,38,117,187,139,195,211,21,107,233,67,137,18,17,90,125,213,209,53,158,202,24,46,216,220,42,15,141,169,19,229,98,155,78,204,149,56,99,89,4,207,148,102,159,61,45,235,173,101,224,43,118,215,84,26,81,12,128,103,13,75,127,76,146,34,165,214,157,3,192,33,104,170,154,25,191,40,200,161,178,115,5,180,217,168,66,237,228,28,36,27,196,7,234,57,80,52,208,2,140,194,69,71,205,171,133,31,60,79,92,32,116,236,95,143,129,151,219,113,199,197,64,108,210,144,203,186,85,87,47,120,163,153,183,20,1,110,174,112,136,123,65,105,166,63,41,58,230,73,72,150,147,160,35,54,30,23,198,44,231,175,138,131,93,82,181,134,206,77,177,164,179,8,167,74,132,114,111,189,29,190,221,94,100,223,83,126,48,14,172,218,16,10,59,6,232,212,97,182,156,51,50,55,62,185,130,86,106,124,188,11,96,162,193,49,142","0.72","37","3","74","205","0.5","0.0229007633587786","0.925","0.649122807017544"
"237","109,121,135,91,152,68,226,39,176,122,119,70,9,145,88,227,225,184,201,222,37,22,38,117,187,139,195,211,21,107,233,67,137,18,17,90,125,213,209,53,158,202,24,46,216,220,42,15,141,169,19,229,98,155,78,204,149,56,99,89,4,207,148,102,159,61,45,235,173,101,224,43,118,215,84,26,81,12,128,103,13,75,127,76,146,34,165,214,157,3,192,33,104,170,154,25,191,40,200,161,178,115,5,180,217,168,66,237,228,28,36,27,196,7,234,57,80,52,208,2,140,194,69,71,205,171,133,31,60,79,92,32,116,236,95,143,129,151,219,113,199,197,64,108,210,144,203,186,85,87,47,120,163,153,183,20,1,110,174,112,136,123,65,105,166,63,41,58,230,73,72,150,147,160,35,54,30,23,198,44,231,175,138,131,93,82,181,134,206,77,177,164,179,8,167,74,132,114,111,189,29,190,221,94,100,223,83,126,48,14,172,218,16,10,59,6,232,212,97,182,156,51,50,55,62,185,130,86,106,124,188,11,96,162,193,49,142","0.73","37","3","74","205","0.5","0.0229007633587786","0.925","0.649122807017544"
"237","109,121,135,91,152,68,226,39,176,122,119,70,9,145,88,227,225,184,201,222,37,22,38,117,187,139,195,211,21,107,233,67,137,18,17,90,125,213,209,53,158,202,24,46,216,220,42,15,141,169,19,229,98,155,78,204,149,56,99,89,4,207,148,102,159,61,45,235,173,101,224,43,118,215,84,26,81,12,128,103,13,75,127,76,146,34,165,214,157,3,192,33,104,170,154,25,191,40,200,161,178,115,5,180,217,168,66,237,228,28,36,27,196,7,234,57,80,52,208,2,140,194,69,71,205,171,133,31,60,79,92,32,116,236,95,143,129,151,219,113,199,197,64,108,210,144,203,186,85,87,47,120,163,153,183,20,1,110,174,112,136,123,65,105,166,63,41,58,230,73,72,150,147,160,35,54,30,23,198,44,231,175,138,131,93,82,181,134,206,77,177,164,179,8,167,74,132,114,111,189,29,190,221,94,100,223,83,126,48,14,172,218,16,10,59,6,232,212,97,182,156,51,50,55,62,185,130,86,106,124,188,11,96,162,193,49,142","0.74","37","3","74","205","0.5","0.0229007633587786","0.925","0.649122807017544"
"237","109,121,135,91,152,68,226,39,176,122,119,70,9,145,88,227,225,184,201,222,37,22,38,117,187,139,195,211,21,107,233,67,137,18,17,90,125,213,209,53,158,202,24,46,216,220,42,15,141,169,19,229,98,155,78,204,149,56,99,89,4,207,148,102,159,61,45,235,173,101,224,43,118,215,84,26,81,12,128,103,13,75,127,76,146,34,165,214,157,3,192,33,104,170,154,25,191,40,200,161,178,115,5,180,217,168,66,237,228,28,36,27,196,7,234,57,80,52,208,2,140,194,69,71,205,171,133,31,60,79,92,32,116,236,95,143,129,151,219,113,199,197,64,108,210,144,203,186,85,87,47,120,163,153,183,20,1,110,174,112,136,123,65,105,166,63,41,58,230,73,72,150,147,160,35,54,30,23,198,44,231,175,138,131,93,82,181,134,206,77,177,164,179,8,167,74,132,114,111,189,29,190,221,94,100,223,83,126,48,14,172,218,16,10,59,6,232,212,97,182,156,51,50,55,62,185,130,86,106,124,188,11,96,162,193,49,142","0.75","37","3","74","205","0.5","0.0229007633587786","0.925","0.649122807017544"
"237","109,121,135,91,152,68,226,39,176,122,119,70,9,145,88,227,225,184,201,222,37,22,38,117,187,139,195,211,21,107,233,67,137,18,17,90,125,213,209,53,158,202,24,46,216,220,42,15,141,169,19,229,98,155,78,204,149,56,99,89,4,207,148,102,159,61,45,235,173,101,224,43,118,215,84,26,81,12,128,103,13,75,127,76,146,34,165,214,157,3,192,33,104,170,154,25,191,40,200,161,178,115,5,180,217,168,66,237,228,28,36,27,196,7,234,57,80,52,208,2,140,194,69,71,205,171,133,31,60,79,92,32,116,236,95,143,129,151,219,113,199,197,64,108,210,144,203,186,85,87,47,120,163,153,183,20,1,110,174,112,136,123,65,105,166,63,41,58,230,73,72,150,147,160,35,54,30,23,198,44,231,175,138,131,93,82,181,134,206,77,177,164,179,8,167,74,132,114,111,189,29,190,221,94,100,223,83,126,48,14,172,218,16,10,59,6,232,212,97,182,156,51,50,55,62,185,130,86,106,124,188,11,96,162,193,49,142","0.76","37","3","74","205","0.5","0.0229007633587786","0.925","0.649122807017544"
"237","109,121,135,91,152,68,226,39,176,122,119,70,9,145,88,227,225,184,201,222,37,22,38,117,187,139,195,211,21,107,233,67,137,18,17,90,125,213,209,53,158,202,24,46,216,220,42,15,141,169,19,229,98,155,78,204,149,56,99,89,4,207,148,102,159,61,45,235,173,101,224,43,118,215,84,26,81,12,128,103,13,75,127,76,146,34,165,214,157,3,192,33,104,170,154,25,191,40,200,161,178,115,5,180,217,168,66,237,228,28,36,27,196,7,234,57,80,52,208,2,140,194,69,71,205,171,133,31,60,79,92,32,116,236,95,143,129,151,219,113,199,197,64,108,210,144,203,186,85,87,47,120,163,153,183,20,1,110,174,112,136,123,65,105,166,63,41,58,230,73,72,150,147,160,35,54,30,23,198,44,231,175,138,131,93,82,181,134,206,77,177,164,179,8,167,74,132,114,111,189,29,190,221,94,100,223,83,126,48,14,172,218,16,10,59,6,232,212,97,182,156,51,50,55,62,185,130,86,106,124,188,11,96,162,193,49,142","0.77","37","3","74","205","0.5","0.0229007633587786","0.925","0.649122807017544"
"237","109,121,135,91,152,68,226,39,176,122,119,70,9,145,88,227,225,184,201,222,37,22,38,117,187,139,195,211,21,107,233,67,137,18,17,90,125,213,209,53,158,202,24,46,216,220,42,15,141,169,19,229,98,155,78,204,149,56,99,89,4,207,148,102,159,61,45,235,173,101,224,43,118,215,84,26,81,12,128,103,13,75,127,76,146,34,165,214,157,3,192,33,104,170,154,25,191,40,200,161,178,115,5,180,217,168,66,237,228,28,36,27,196,7,234,57,80,52,208,2,140,194,69,71,205,171,133,31,60,79,92,32,116,236,95,143,129,151,219,113,199,197,64,108,210,144,203,186,85,87,47,120,163,153,183,20,1,110,174,112,136,123,65,105,166,63,41,58,230,73,72,150,147,160,35,54,30,23,198,44,231,175,138,131,93,82,181,134,206,77,177,164,179,8,167,74,132,114,111,189,29,190,221,94,100,223,83,126,48,14,172,218,16,10,59,6,232,212,97,182,156,51,50,55,62,185,130,86,106,124,188,11,96,162,193,49,142","0.78","36","3","74","205","0.486486486486487","0.0229007633587786","0.923076923076923","0.63716814159292"
"237","109,121,135,91,152,68,226,39,176,122,119,70,9,145,88,227,225,184,201,222,37,22,38,117,187,139,195,211,21,107,233,67,137,18,17,90,125,213,209,53,158,202,24,46,216,220,42,15,141,169,19,229,98,155,78,204,149,56,99,89,4,207,148,102,159,61,45,235,173,101,224,43,118,215,84,26,81,12,128,103,13,75,127,76,146,34,165,214,157,3,192,33,104,170,154,25,191,40,200,161,178,115,5,180,217,168,66,237,228,28,36,27,196,7,234,57,80,52,208,2,140,194,69,71,205,171,133,31,60,79,92,32,116,236,95,143,129,151,219,113,199,197,64,108,210,144,203,186,85,87,47,120,163,153,183,20,1,110,174,112,136,123,65,105,166,63,41,58,230,73,72,150,147,160,35,54,30,23,198,44,231,175,138,131,93,82,181,134,206,77,177,164,179,8,167,74,132,114,111,189,29,190,221,94,100,223,83,126,48,14,172,218,16,10,59,6,232,212,97,182,156,51,50,55,62,185,130,86,106,124,188,11,96,162,193,49,142","0.79","35","3","74","205","0.472972972972973","0.0229007633587786","0.921052631578947","0.625"
"237","109,121,135,91,152,68,226,39,176,122,119,70,9,145,88,227,225,184,201,222,37,22,38,117,187,139,195,211,21,107,233,67,137,18,17,90,125,213,209,53,158,202,24,46,216,220,42,15,141,169,19,229,98,155,78,204,149,56,99,89,4,207,148,102,159,61,45,235,173,101,224,43,118,215,84,26,81,12,128,103,13,75,127,76,146,34,165,214,157,3,192,33,104,170,154,25,191,40,200,161,178,115,5,180,217,168,66,237,228,28,36,27,196,7,234,57,80,52,208,2,140,194,69,71,205,171,133,31,60,79,92,32,116,236,95,143,129,151,219,113,199,197,64,108,210,144,203,186,85,87,47,120,163,153,183,20,1,110,174,112,136,123,65,105,166,63,41,58,230,73,72,150,147,160,35,54,30,23,198,44,231,175,138,131,93,82,181,134,206,77,177,164,179,8,167,74,132,114,111,189,29,190,221,94,100,223,83,126,48,14,172,218,16,10,59,6,232,212,97,182,156,51,50,55,62,185,130,86,106,124,188,11,96,162,193,49,142","0.8","34","3","74","205","0.459459459459459","0.0229007633587786","0.918918918918919","0.612612612612613"
"237","109,121,135,91,152,68,226,39,176,122,119,70,9,145,88,227,225,184,201,222,37,22,38,117,187,139,195,211,21,107,233,67,137,18,17,90,125,213,209,53,158,202,24,46,216,220,42,15,141,169,19,229,98,155,78,204,149,56,99,89,4,207,148,102,159,61,45,235,173,101,224,43,118,215,84,26,81,12,128,103,13,75,127,76,146,34,165,214,157,3,192,33,104,170,154,25,191,40,200,161,178,115,5,180,217,168,66,237,228,28,36,27,196,7,234,57,80,52,208,2,140,194,69,71,205,171,133,31,60,79,92,32,116,236,95,143,129,151,219,113,199,197,64,108,210,144,203,186,85,87,47,120,163,153,183,20,1,110,174,112,136,123,65,105,166,63,41,58,230,73,72,150,147,160,35,54,30,23,198,44,231,175,138,131,93,82,181,134,206,77,177,164,179,8,167,74,132,114,111,189,29,190,221,94,100,223,83,126,48,14,172,218,16,10,59,6,232,212,97,182,156,51,50,55,62,185,130,86,106,124,188,11,96,162,193,49,142","0.81","34","3","74","205","0.459459459459459","0.0229007633587786","0.918918918918919","0.612612612612613"
"237","109,121,135,91,152,68,226,39,176,122,119,70,9,145,88,227,225,184,201,222,37,22,38,117,187,139,195,211,21,107,233,67,137,18,17,90,125,213,209,53,158,202,24,46,216,220,42,15,141,169,19,229,98,155,78,204,149,56,99,89,4,207,148,102,159,61,45,235,173,101,224,43,118,215,84,26,81,12,128,103,13,75,127,76,146,34,165,214,157,3,192,33,104,170,154,25,191,40,200,161,178,115,5,180,217,168,66,237,228,28,36,27,196,7,234,57,80,52,208,2,140,194,69,71,205,171,133,31,60,79,92,32,116,236,95,143,129,151,219,113,199,197,64,108,210,144,203,186,85,87,47,120,163,153,183,20,1,110,174,112,136,123,65,105,166,63,41,58,230,73,72,150,147,160,35,54,30,23,198,44,231,175,138,131,93,82,181,134,206,77,177,164,179,8,167,74,132,114,111,189,29,190,221,94,100,223,83,126,48,14,172,218,16,10,59,6,232,212,97,182,156,51,50,55,62,185,130,86,106,124,188,11,96,162,193,49,142","0.82","34","3","74","205","0.459459459459459","0.0229007633587786","0.918918918918919","0.612612612612613"
"237","109,121,135,91,152,68,226,39,176,122,119,70,9,145,88,227,225,184,201,222,37,22,38,117,187,139,195,211,21,107,233,67,137,18,17,90,125,213,209,53,158,202,24,46,216,220,42,15,141,169,19,229,98,155,78,204,149,56,99,89,4,207,148,102,159,61,45,235,173,101,224,43,118,215,84,26,81,12,128,103,13,75,127,76,146,34,165,214,157,3,192,33,104,170,154,25,191,40,200,161,178,115,5,180,217,168,66,237,228,28,36,27,196,7,234,57,80,52,208,2,140,194,69,71,205,171,133,31,60,79,92,32,116,236,95,143,129,151,219,113,199,197,64,108,210,144,203,186,85,87,47,120,163,153,183,20,1,110,174,112,136,123,65,105,166,63,41,58,230,73,72,150,147,160,35,54,30,23,198,44,231,175,138,131,93,82,181,134,206,77,177,164,179,8,167,74,132,114,111,189,29,190,221,94,100,223,83,126,48,14,172,218,16,10,59,6,232,212,97,182,156,51,50,55,62,185,130,86,106,124,188,11,96,162,193,49,142","0.83","34","3","74","205","0.459459459459459","0.0229007633587786","0.918918918918919","0.612612612612613"
"237","109,121,135,91,152,68,226,39,176,122,119,70,9,145,88,227,225,184,201,222,37,22,38,117,187,139,195,211,21,107,233,67,137,18,17,90,125,213,209,53,158,202,24,46,216,220,42,15,141,169,19,229,98,155,78,204,149,56,99,89,4,207,148,102,159,61,45,235,173,101,224,43,118,215,84,26,81,12,128,103,13,75,127,76,146,34,165,214,157,3,192,33,104,170,154,25,191,40,200,161,178,115,5,180,217,168,66,237,228,28,36,27,196,7,234,57,80,52,208,2,140,194,69,71,205,171,133,31,60,79,92,32,116,236,95,143,129,151,219,113,199,197,64,108,210,144,203,186,85,87,47,120,163,153,183,20,1,110,174,112,136,123,65,105,166,63,41,58,230,73,72,150,147,160,35,54,30,23,198,44,231,175,138,131,93,82,181,134,206,77,177,164,179,8,167,74,132,114,111,189,29,190,221,94,100,223,83,126,48,14,172,218,16,10,59,6,232,212,97,182,156,51,50,55,62,185,130,86,106,124,188,11,96,162,193,49,142","0.84","34","3","74","205","0.459459459459459","0.0229007633587786","0.918918918918919","0.612612612612613"
"237","109,121,135,91,152,68,226,39,176,122,119,70,9,145,88,227,225,184,201,222,37,22,38,117,187,139,195,211,21,107,233,67,137,18,17,90,125,213,209,53,158,202,24,46,216,220,42,15,141,169,19,229,98,155,78,204,149,56,99,89,4,207,148,102,159,61,45,235,173,101,224,43,118,215,84,26,81,12,128,103,13,75,127,76,146,34,165,214,157,3,192,33,104,170,154,25,191,40,200,161,178,115,5,180,217,168,66,237,228,28,36,27,196,7,234,57,80,52,208,2,140,194,69,71,205,171,133,31,60,79,92,32,116,236,95,143,129,151,219,113,199,197,64,108,210,144,203,186,85,87,47,120,163,153,183,20,1,110,174,112,136,123,65,105,166,63,41,58,230,73,72,150,147,160,35,54,30,23,198,44,231,175,138,131,93,82,181,134,206,77,177,164,179,8,167,74,132,114,111,189,29,190,221,94,100,223,83,126,48,14,172,218,16,10,59,6,232,212,97,182,156,51,50,55,62,185,130,86,106,124,188,11,96,162,193,49,142","0.85","34","2","74","205","0.459459459459459","0.0152671755725191","0.944444444444444","0.618181818181818"
"237","109,121,135,91,152,68,226,39,176,122,119,70,9,145,88,227,225,184,201,222,37,22,38,117,187,139,195,211,21,107,233,67,137,18,17,90,125,213,209,53,158,202,24,46,216,220,42,15,141,169,19,229,98,155,78,204,149,56,99,89,4,207,148,102,159,61,45,235,173,101,224,43,118,215,84,26,81,12,128,103,13,75,127,76,146,34,165,214,157,3,192,33,104,170,154,25,191,40,200,161,178,115,5,180,217,168,66,237,228,28,36,27,196,7,234,57,80,52,208,2,140,194,69,71,205,171,133,31,60,79,92,32,116,236,95,143,129,151,219,113,199,197,64,108,210,144,203,186,85,87,47,120,163,153,183,20,1,110,174,112,136,123,65,105,166,63,41,58,230,73,72,150,147,160,35,54,30,23,198,44,231,175,138,131,93,82,181,134,206,77,177,164,179,8,167,74,132,114,111,189,29,190,221,94,100,223,83,126,48,14,172,218,16,10,59,6,232,212,97,182,156,51,50,55,62,185,130,86,106,124,188,11,96,162,193,49,142","0.86","33","2","74","205","0.445945945945946","0.0152671755725191","0.942857142857143","0.605504587155963"
"237","109,121,135,91,152,68,226,39,176,122,119,70,9,145,88,227,225,184,201,222,37,22,38,117,187,139,195,211,21,107,233,67,137,18,17,90,125,213,209,53,158,202,24,46,216,220,42,15,141,169,19,229,98,155,78,204,149,56,99,89,4,207,148,102,159,61,45,235,173,101,224,43,118,215,84,26,81,12,128,103,13,75,127,76,146,34,165,214,157,3,192,33,104,170,154,25,191,40,200,161,178,115,5,180,217,168,66,237,228,28,36,27,196,7,234,57,80,52,208,2,140,194,69,71,205,171,133,31,60,79,92,32,116,236,95,143,129,151,219,113,199,197,64,108,210,144,203,186,85,87,47,120,163,153,183,20,1,110,174,112,136,123,65,105,166,63,41,58,230,73,72,150,147,160,35,54,30,23,198,44,231,175,138,131,93,82,181,134,206,77,177,164,179,8,167,74,132,114,111,189,29,190,221,94,100,223,83,126,48,14,172,218,16,10,59,6,232,212,97,182,156,51,50,55,62,185,130,86,106,124,188,11,96,162,193,49,142","0.87","32","2","74","205","0.432432432432432","0.0152671755725191","0.941176470588235","0.592592592592593"
"237","109,121,135,91,152,68,226,39,176,122,119,70,9,145,88,227,225,184,201,222,37,22,38,117,187,139,195,211,21,107,233,67,137,18,17,90,125,213,209,53,158,202,24,46,216,220,42,15,141,169,19,229,98,155,78,204,149,56,99,89,4,207,148,102,159,61,45,235,173,101,224,43,118,215,84,26,81,12,128,103,13,75,127,76,146,34,165,214,157,3,192,33,104,170,154,25,191,40,200,161,178,115,5,180,217,168,66,237,228,28,36,27,196,7,234,57,80,52,208,2,140,194,69,71,205,171,133,31,60,79,92,32,116,236,95,143,129,151,219,113,199,197,64,108,210,144,203,186,85,87,47,120,163,153,183,20,1,110,174,112,136,123,65,105,166,63,41,58,230,73,72,150,147,160,35,54,30,23,198,44,231,175,138,131,93,82,181,134,206,77,177,164,179,8,167,74,132,114,111,189,29,190,221,94,100,223,83,126,48,14,172,218,16,10,59,6,232,212,97,182,156,51,50,55,62,185,130,86,106,124,188,11,96,162,193,49,142","0.88","32","2","74","205","0.432432432432432","0.0152671755725191","0.941176470588235","0.592592592592593"
"237","109,121,135,91,152,68,226,39,176,122,119,70,9,145,88,227,225,184,201,222,37,22,38,117,187,139,195,211,21,107,233,67,137,18,17,90,125,213,209,53,158,202,24,46,216,220,42,15,141,169,19,229,98,155,78,204,149,56,99,89,4,207,148,102,159,61,45,235,173,101,224,43,118,215,84,26,81,12,128,103,13,75,127,76,146,34,165,214,157,3,192,33,104,170,154,25,191,40,200,161,178,115,5,180,217,168,66,237,228,28,36,27,196,7,234,57,80,52,208,2,140,194,69,71,205,171,133,31,60,79,92,32,116,236,95,143,129,151,219,113,199,197,64,108,210,144,203,186,85,87,47,120,163,153,183,20,1,110,174,112,136,123,65,105,166,63,41,58,230,73,72,150,147,160,35,54,30,23,198,44,231,175,138,131,93,82,181,134,206,77,177,164,179,8,167,74,132,114,111,189,29,190,221,94,100,223,83,126,48,14,172,218,16,10,59,6,232,212,97,182,156,51,50,55,62,185,130,86,106,124,188,11,96,162,193,49,142","0.89","32","2","74","205","0.432432432432432","0.0152671755725191","0.941176470588235","0.592592592592593"
"237","109,121,135,91,152,68,226,39,176,122,119,70,9,145,88,227,225,184,201,222,37,22,38,117,187,139,195,211,21,107,233,67,137,18,17,90,125,213,209,53,158,202,24,46,216,220,42,15,141,169,19,229,98,155,78,204,149,56,99,89,4,207,148,102,159,61,45,235,173,101,224,43,118,215,84,26,81,12,128,103,13,75,127,76,146,34,165,214,157,3,192,33,104,170,154,25,191,40,200,161,178,115,5,180,217,168,66,237,228,28,36,27,196,7,234,57,80,52,208,2,140,194,69,71,205,171,133,31,60,79,92,32,116,236,95,143,129,151,219,113,199,197,64,108,210,144,203,186,85,87,47,120,163,153,183,20,1,110,174,112,136,123,65,105,166,63,41,58,230,73,72,150,147,160,35,54,30,23,198,44,231,175,138,131,93,82,181,134,206,77,177,164,179,8,167,74,132,114,111,189,29,190,221,94,100,223,83,126,48,14,172,218,16,10,59,6,232,212,97,182,156,51,50,55,62,185,130,86,106,124,188,11,96,162,193,49,142","0.9","32","2","74","205","0.432432432432432","0.0152671755725191","0.941176470588235","0.592592592592593"
"237","109,121,135,91,152,68,226,39,176,122,119,70,9,145,88,227,225,184,201,222,37,22,38,117,187,139,195,211,21,107,233,67,137,18,17,90,125,213,209,53,158,202,24,46,216,220,42,15,141,169,19,229,98,155,78,204,149,56,99,89,4,207,148,102,159,61,45,235,173,101,224,43,118,215,84,26,81,12,128,103,13,75,127,76,146,34,165,214,157,3,192,33,104,170,154,25,191,40,200,161,178,115,5,180,217,168,66,237,228,28,36,27,196,7,234,57,80,52,208,2,140,194,69,71,205,171,133,31,60,79,92,32,116,236,95,143,129,151,219,113,199,197,64,108,210,144,203,186,85,87,47,120,163,153,183,20,1,110,174,112,136,123,65,105,166,63,41,58,230,73,72,150,147,160,35,54,30,23,198,44,231,175,138,131,93,82,181,134,206,77,177,164,179,8,167,74,132,114,111,189,29,190,221,94,100,223,83,126,48,14,172,218,16,10,59,6,232,212,97,182,156,51,50,55,62,185,130,86,106,124,188,11,96,162,193,49,142","0.91","31","2","74","205","0.418918918918919","0.0152671755725191","0.939393939393939","0.579439252336449"
"237","109,121,135,91,152,68,226,39,176,122,119,70,9,145,88,227,225,184,201,222,37,22,38,117,187,139,195,211,21,107,233,67,137,18,17,90,125,213,209,53,158,202,24,46,216,220,42,15,141,169,19,229,98,155,78,204,149,56,99,89,4,207,148,102,159,61,45,235,173,101,224,43,118,215,84,26,81,12,128,103,13,75,127,76,146,34,165,214,157,3,192,33,104,170,154,25,191,40,200,161,178,115,5,180,217,168,66,237,228,28,36,27,196,7,234,57,80,52,208,2,140,194,69,71,205,171,133,31,60,79,92,32,116,236,95,143,129,151,219,113,199,197,64,108,210,144,203,186,85,87,47,120,163,153,183,20,1,110,174,112,136,123,65,105,166,63,41,58,230,73,72,150,147,160,35,54,30,23,198,44,231,175,138,131,93,82,181,134,206,77,177,164,179,8,167,74,132,114,111,189,29,190,221,94,100,223,83,126,48,14,172,218,16,10,59,6,232,212,97,182,156,51,50,55,62,185,130,86,106,124,188,11,96,162,193,49,142","0.92","31","2","74","205","0.418918918918919","0.0152671755725191","0.939393939393939","0.579439252336449"
"237","109,121,135,91,152,68,226,39,176,122,119,70,9,145,88,227,225,184,201,222,37,22,38,117,187,139,195,211,21,107,233,67,137,18,17,90,125,213,209,53,158,202,24,46,216,220,42,15,141,169,19,229,98,155,78,204,149,56,99,89,4,207,148,102,159,61,45,235,173,101,224,43,118,215,84,26,81,12,128,103,13,75,127,76,146,34,165,214,157,3,192,33,104,170,154,25,191,40,200,161,178,115,5,180,217,168,66,237,228,28,36,27,196,7,234,57,80,52,208,2,140,194,69,71,205,171,133,31,60,79,92,32,116,236,95,143,129,151,219,113,199,197,64,108,210,144,203,186,85,87,47,120,163,153,183,20,1,110,174,112,136,123,65,105,166,63,41,58,230,73,72,150,147,160,35,54,30,23,198,44,231,175,138,131,93,82,181,134,206,77,177,164,179,8,167,74,132,114,111,189,29,190,221,94,100,223,83,126,48,14,172,218,16,10,59,6,232,212,97,182,156,51,50,55,62,185,130,86,106,124,188,11,96,162,193,49,142","0.93","31","2","74","205","0.418918918918919","0.0152671755725191","0.939393939393939","0.579439252336449"
"237","109,121,135,91,152,68,226,39,176,122,119,70,9,145,88,227,225,184,201,222,37,22,38,117,187,139,195,211,21,107,233,67,137,18,17,90,125,213,209,53,158,202,24,46,216,220,42,15,141,169,19,229,98,155,78,204,149,56,99,89,4,207,148,102,159,61,45,235,173,101,224,43,118,215,84,26,81,12,128,103,13,75,127,76,146,34,165,214,157,3,192,33,104,170,154,25,191,40,200,161,178,115,5,180,217,168,66,237,228,28,36,27,196,7,234,57,80,52,208,2,140,194,69,71,205,171,133,31,60,79,92,32,116,236,95,143,129,151,219,113,199,197,64,108,210,144,203,186,85,87,47,120,163,153,183,20,1,110,174,112,136,123,65,105,166,63,41,58,230,73,72,150,147,160,35,54,30,23,198,44,231,175,138,131,93,82,181,134,206,77,177,164,179,8,167,74,132,114,111,189,29,190,221,94,100,223,83,126,48,14,172,218,16,10,59,6,232,212,97,182,156,51,50,55,62,185,130,86,106,124,188,11,96,162,193,49,142","0.94","30","1","74","205","0.405405405405405","0.00763358778625954","0.967741935483871","0.571428571428571"
"237","109,121,135,91,152,68,226,39,176,122,119,70,9,145,88,227,225,184,201,222,37,22,38,117,187,139,195,211,21,107,233,67,137,18,17,90,125,213,209,53,158,202,24,46,216,220,42,15,141,169,19,229,98,155,78,204,149,56,99,89,4,207,148,102,159,61,45,235,173,101,224,43,118,215,84,26,81,12,128,103,13,75,127,76,146,34,165,214,157,3,192,33,104,170,154,25,191,40,200,161,178,115,5,180,217,168,66,237,228,28,36,27,196,7,234,57,80,52,208,2,140,194,69,71,205,171,133,31,60,79,92,32,116,236,95,143,129,151,219,113,199,197,64,108,210,144,203,186,85,87,47,120,163,153,183,20,1,110,174,112,136,123,65,105,166,63,41,58,230,73,72,150,147,160,35,54,30,23,198,44,231,175,138,131,93,82,181,134,206,77,177,164,179,8,167,74,132,114,111,189,29,190,221,94,100,223,83,126,48,14,172,218,16,10,59,6,232,212,97,182,156,51,50,55,62,185,130,86,106,124,188,11,96,162,193,49,142","0.95","29","1","74","205","0.391891891891892","0.00763358778625954","0.966666666666667","0.557692307692308"
"237","109,121,135,91,152,68,226,39,176,122,119,70,9,145,88,227,225,184,201,222,37,22,38,117,187,139,195,211,21,107,233,67,137,18,17,90,125,213,209,53,158,202,24,46,216,220,42,15,141,169,19,229,98,155,78,204,149,56,99,89,4,207,148,102,159,61,45,235,173,101,224,43,118,215,84,26,81,12,128,103,13,75,127,76,146,34,165,214,157,3,192,33,104,170,154,25,191,40,200,161,178,115,5,180,217,168,66,237,228,28,36,27,196,7,234,57,80,52,208,2,140,194,69,71,205,171,133,31,60,79,92,32,116,236,95,143,129,151,219,113,199,197,64,108,210,144,203,186,85,87,47,120,163,153,183,20,1,110,174,112,136,123,65,105,166,63,41,58,230,73,72,150,147,160,35,54,30,23,198,44,231,175,138,131,93,82,181,134,206,77,177,164,179,8,167,74,132,114,111,189,29,190,221,94,100,223,83,126,48,14,172,218,16,10,59,6,232,212,97,182,156,51,50,55,62,185,130,86,106,124,188,11,96,162,193,49,142","0.96","27","1","74","205","0.364864864864865","0.00763358778625954","0.964285714285714","0.529411764705882"
"237","109,121,135,91,152,68,226,39,176,122,119,70,9,145,88,227,225,184,201,222,37,22,38,117,187,139,195,211,21,107,233,67,137,18,17,90,125,213,209,53,158,202,24,46,216,220,42,15,141,169,19,229,98,155,78,204,149,56,99,89,4,207,148,102,159,61,45,235,173,101,224,43,118,215,84,26,81,12,128,103,13,75,127,76,146,34,165,214,157,3,192,33,104,170,154,25,191,40,200,161,178,115,5,180,217,168,66,237,228,28,36,27,196,7,234,57,80,52,208,2,140,194,69,71,205,171,133,31,60,79,92,32,116,236,95,143,129,151,219,113,199,197,64,108,210,144,203,186,85,87,47,120,163,153,183,20,1,110,174,112,136,123,65,105,166,63,41,58,230,73,72,150,147,160,35,54,30,23,198,44,231,175,138,131,93,82,181,134,206,77,177,164,179,8,167,74,132,114,111,189,29,190,221,94,100,223,83,126,48,14,172,218,16,10,59,6,232,212,97,182,156,51,50,55,62,185,130,86,106,124,188,11,96,162,193,49,142","0.97","25","1","74","205","0.337837837837838","0.00763358778625954","0.961538461538462","0.5"
"237","109,121,135,91,152,68,226,39,176,122,119,70,9,145,88,227,225,184,201,222,37,22,38,117,187,139,195,211,21,107,233,67,137,18,17,90,125,213,209,53,158,202,24,46,216,220,42,15,141,169,19,229,98,155,78,204,149,56,99,89,4,207,148,102,159,61,45,235,173,101,224,43,118,215,84,26,81,12,128,103,13,75,127,76,146,34,165,214,157,3,192,33,104,170,154,25,191,40,200,161,178,115,5,180,217,168,66,237,228,28,36,27,196,7,234,57,80,52,208,2,140,194,69,71,205,171,133,31,60,79,92,32,116,236,95,143,129,151,219,113,199,197,64,108,210,144,203,186,85,87,47,120,163,153,183,20,1,110,174,112,136,123,65,105,166,63,41,58,230,73,72,150,147,160,35,54,30,23,198,44,231,175,138,131,93,82,181,134,206,77,177,164,179,8,167,74,132,114,111,189,29,190,221,94,100,223,83,126,48,14,172,218,16,10,59,6,232,212,97,182,156,51,50,55,62,185,130,86,106,124,188,11,96,162,193,49,142","0.98","22","0","74","205","0.297297297297297","0","1","0.458333333333333"
"237","109,121,135,91,152,68,226,39,176,122,119,70,9,145,88,227,225,184,201,222,37,22,38,117,187,139,195,211,21,107,233,67,137,18,17,90,125,213,209,53,158,202,24,46,216,220,42,15,141,169,19,229,98,155,78,204,149,56,99,89,4,207,148,102,159,61,45,235,173,101,224,43,118,215,84,26,81,12,128,103,13,75,127,76,146,34,165,214,157,3,192,33,104,170,154,25,191,40,200,161,178,115,5,180,217,168,66,237,228,28,36,27,196,7,234,57,80,52,208,2,140,194,69,71,205,171,133,31,60,79,92,32,116,236,95,143,129,151,219,113,199,197,64,108,210,144,203,186,85,87,47,120,163,153,183,20,1,110,174,112,136,123,65,105,166,63,41,58,230,73,72,150,147,160,35,54,30,23,198,44,231,175,138,131,93,82,181,134,206,77,177,164,179,8,167,74,132,114,111,189,29,190,221,94,100,223,83,126,48,14,172,218,16,10,59,6,232,212,97,182,156,51,50,55,62,185,130,86,106,124,188,11,96,162,193,49,142","0.99","19","0","74","205","0.256756756756757","0","1","0.408602150537634"
