"AcouOccupancy_left","Bioac_left","Ht_left","Hf_left","H_left","ACI_left","AEI_villa_left","M_left","NDSI_left","ADI_left","npic_left","recording_file_path","recording_id"
0.913278157610651,15.2247391467803,0.999789870586185,0.928514172873405,0.92831906473454,1130.73239171509,0.823146,2.14366849154654e-11,-0.106338776080718,0.791877,18,"Aurignac/100/S4A10950_20210504_000000.wav",1
0.0874415257286794,34.6377884517906,0.978117677463429,0.96099662353168,0.939967785459004,1191.73461409224,0.889098,1.74631306010241e-11,0.405173255961076,0.189675,15,"Aurignac/100/S4A10950_20210504_070000.wav",2
0.0234487734487734,33.0415082694362,0.951671366983552,0.968324238608588,0.921526451839942,1176.92442486198,0.899605,9.35046182282399e-12,0.0689884462341219,0.011314,15,"Aurignac/100/S4A10950_20210504_130000.wav",3
0.386028087864602,57.2362878084071,0.970464064972393,0.954292784641781,0.926106854957287,1395.60369286822,0.632526,1.60752198612087e-11,0.989748234537946,1.520753,21,"Aurignac/108/S4A10954_20210505_130000.wav",4
0.998204022988506,31.2530873521639,0.999243849282618,0.916729320436944,0.91603613490365,1175.22242445759,0.664804,2.13982047402292e-11,0.473043247160796,1.43564,17,"Aurignac/108/S4A10954_20210506_000000.wav",5
1,72.3899746832744,0.990245469634069,0.977194493452801,0.967662420092996,1618.18980948142,0.336144,2.02204329276264e-11,0.879633063776949,2.107069,30,"Aurignac/108/S4A10954_20210506_070000.wav",6
1,24.5119990728582,0.999183274005239,0.927913524438922,0.927155673342622,1163.57748359093,0.742969,2.14536111212518e-11,0.916776921831853,1.210152,14,"Aurignac/109/S4A10922_20200528_000000.wav",7
1,44.1947876161054,0.992293388632801,0.984995850449925,0.977404870232203,1415.85039854286,0.291253,2.11643513104877e-11,0.977300481973819,2.155412,31,"Aurignac/109/S4A10922_20200528_070000.wav",8
1,53.8549415663296,0.996746471831485,0.96326492130013,0.960130911744938,1260.31481288963,0.548192,2.1405510527497e-11,0.887239284848917,1.764367,19,"Aurignac/109/S4A10922_20200528_130000.wav",9
1,6.89701417874802,0.974019108772321,0.917299858565224,0.893467590716675,606.72067954369,0.33158,7.84163712445323e-12,0.565191882027074,2.118777,11,"Aurignac/116/20200528_130000.wav",10
1,2.69103892526468,0.980524166116654,0.841247642367239,0.824863643029737,570.861769315807,0.009053,8.79523174291953e-12,0.769933126053056,2.302453,5,"Aurignac/116/20200529_000000.wav",11
1,3.89646308159249,0.97976134455519,0.886080189345822,0.868147117697179,591.618320246097,0.006871,8.90369973227346e-12,0.669813336481796,2.302508,6,"Aurignac/116/20200529_070000.wav",12
0.997837058399423,31.6579266368247,0.999049381828941,0.955801474267573,0.954892872018209,1265.77253917098,0.710398,2.15174313329249e-11,0.409986781797152,1.313155,23,"Aurignac/121/S4A08058_20190422_130000.wav",13
0.639178970111631,25.7684557876974,0.999282174856766,0.962704038620556,0.962012985456142,1236.36609051547,0.813872,2.14741077093942e-11,0.29333732486879,0.8408,24,"Aurignac/121/S4A08058_20190423_000000.wav",14
0.970100864553314,64.0926693907259,0.995367975579435,0.959434699750543,0.954990574791361,1425.92070080672,0.37237,2.06738887933089e-11,0.99194733024871,2.051763,31,"Aurignac/121/S4A08058_20190423_070000.wav",15
0.000718907260963336,22.1562175185891,0.975111349226571,0.960198650605645,0.936300601717604,1175.82421996332,0.899646,1.59805365244106e-11,0.493473297743024,0.009574,13,"Aurignac/124/S4A10922_20210505_000000.wav",16
0.297910662824207,25.6525372224395,0.950521211376781,0.977342079892067,0.928984377708511,1257.28682645356,0.8621,1.04484418174646e-11,0.626408574283208,0.427659,18,"Aurignac/124/S4A10922_20210505_070000.wav",17
0.850305865419215,22.903036084671,0.995132182630063,0.972832803013692,0.968097230597138,1176.64381195469,0.78029,2.12960836620082e-11,0.438585972257449,0.999635,16,"Aurignac/124/S4A10922_20210505_130000.wav",18
0.998920474991004,0.867386952557254,0.896189157712107,0.839354090604758,0.752220035481289,641.738146268352,0.670753,4.51240561947892e-12,0.84811690181183,1.37416,16,"Aurignac/137/20200528_000000.wav",19
1,5.21725022369654,0.975391886952744,0.864539753621529,0.843265061630564,582.667917253866,0.075528,8.16240043137014e-12,0.814070706800395,2.293423,5,"Aurignac/137/20200528_070000.wav",20
1,1.99641296420543,0.976678932477648,0.87591938126207,0.855492006227521,573.685822702366,0.024397,8.27499950554449e-12,0.712724374090013,2.301568,10,"Aurignac/137/20200528_130000.wav",21
0.553995680345572,23.0640055305106,0.998553959094555,0.935601546279954,0.934248628172835,1256.80393671471,0.715528,2.1423092682411e-11,0.629522972711325,1.306624,22,"Aurignac/138/S4A10954_20210503_000000.wav",22
0.995315315315315,51.5914088792934,0.99690509481095,0.960131220161071,0.957159705065626,1409.85403273597,0.595991,2.14635905553929e-11,0.644379130029163,1.658687,20,"Aurignac/138/S4A10954_20210503_070000.wav",23
0.988476773496579,30.7768920209324,0.998816547974538,0.96189227809104,0.960753924726257,1233.96137865813,0.705826,2.14458070385668e-11,-0.00703962966254332,1.278378,23,"Aurignac/138/S4A10954_20210503_130000.wav",24
0,13.1826671810184,0.940470748720534,0.972588247939728,0.914690797736668,1180.76010024024,0.9,7.69175366105349e-12,0.0200891531193768,0,15,"Aurignac/139/S4A08064_20190423_000000.wav",25
0.277577505407354,41.4612157840374,0.971137598560665,0.958505234468108,0.930840471609185,1355.4347395893,0.692078,1.54112536825167e-11,0.386661492569688,1.386072,32,"Aurignac/139/S4A08064_20190423_070000.wav",26
0.00864864864864865,21.5471043551199,0.963831462116464,0.958202273330452,0.923545498107409,1231.46420325655,0.899909,1.2655873998241e-11,0.148308133241152,0.003958,17,"Aurignac/139/S4A08064_20190423_130000.wav",27
1,6.23665975656694,0.973100600140495,0.886626622494601,0.862776898450036,583.202694736053,0.118014,7.7872524321575e-12,0.932319181667587,2.279571,6,"Aurignac/14/20200528_130000.wav",28
1,0.852600779396373,0.980340628034482,0.886153220696432,0.868732004912319,560.776506847629,0.002158,8.96670342535274e-12,0.662996824167476,2.302577,9,"Aurignac/14/20200529_000000.wav",29
1,3.5709980028196,0.980389409618314,0.899952980421083,0.882304371159267,570.309451101116,0.013129,8.98769428252462e-12,0.75451245277772,2.302308,10,"Aurignac/14/20200529_070000.wav",30
0.0710421925712225,38.3002564181143,0.981425717791044,0.962428261691356,0.944551847552825,1142.65795644179,0.880593,1.80338276587983e-11,0.341861616038386,0.261624,16,"Aurignac/145/S4A08058_20190424_130000.wav",31
0.30588660166125,34.840704025031,0.99685561461796,0.972038960973242,0.968982495873584,1104.51224225309,0.648279,2.14162343519677e-11,0.469892132591698,1.430783,13,"Aurignac/145/S4A08058_20190425_000000.wav",32
1,25.9862111942255,0.984459936673741,0.975886026738555,0.960720696083826,1213.1562197849,0.118125,1.99591789949907e-11,0.583275159017418,2.271223,11,"Aurignac/145/S4A08058_20190425_070000.wav",33
0.965007215007215,16.133692856243,0.999361244558676,0.930589579812865,0.92999516065512,1160.37002245718,0.876662,2.14849691220159e-11,0.591267523686407,0.281783,19,"Aurignac/154/S4A10950_20190617_000000.wav",34
0.991345113595384,71.3490225367754,0.996498125815512,0.962521560279239,0.959150930875284,1385.6696088765,0.526595,2.14337346332838e-11,0.947147113629556,1.798808,26,"Aurignac/154/S4A10950_20190617_070000.wav",35
0.152377521613833,51.8349251795488,0.972411203330956,0.955373704868131,0.929016093981573,1190.6287624021,0.79431,1.50897845557289e-11,0.943491266340599,0.936558,26,"Aurignac/154/S4A10950_20190617_130000.wav",36
1,49.1146864985514,0.999386521138102,0.958994681385402,0.958406358419699,1220.68135595357,0.751331,2.14524558148757e-11,0.918069922198866,1.124841,10,"Aurignac/155/S4A09568_20210609_000000.wav",37
0.998559596687072,65.8601288438322,0.999163689451757,0.960302924221684,0.959499812756649,1388.5952626688,0.492765,2.14607697233648e-11,0.950349255851532,1.853804,19,"Aurignac/155/S4A09568_20210609_070000.wav",38
0.97836278398846,33.7398444651417,0.996180740815756,0.952894054414743,0.949254705045808,1201.50655259293,0.631277,2.12522682264772e-11,0.858580472475136,1.541583,16,"Aurignac/155/S4A09568_20210609_130000.wav",39
0.896160086533261,1.43160508570339,0.87458466044454,0.903705007344175,0.790366536990135,685.956315890232,0.562902,2.50487309191673e-12,0.87006308224169,1.525044,23,"Aurignac/156/20190617_000000.wav",40
1,5.40735621433186,0.976344313081283,0.874883950244401,0.854187969427209,580.714390647556,0.102279,8.23513751864136e-12,0.796548634328098,2.286012,7,"Aurignac/156/20190617_070000.wav",41
1,1.57255875712508,0.975550718005632,0.952200188972814,0.928919578037527,569.773733160526,0.111222,8.17337749464708e-12,0.697003373216491,2.281115,14,"Aurignac/156/20190617_130000.wav",42
0.998561668464581,21.9245938280167,0.998271724136868,0.900114981212029,0.898559334215957,1113.4629834581,0.8237,2.13964151862787e-11,0.971506935081297,0.757279,7,"Aurignac/160/S4A10950_20210609_000000.wav",43
0.899495677233429,55.1648842879071,0.993070303693185,0.956873706761897,0.950242862570061,1334.52668358878,0.56109,2.11080796148949e-11,0.831170125021295,1.715525,11,"Aurignac/160/S4A10950_20210609_070000.wav",44
0.189072609633357,37.9499454772843,0.962247681390322,0.968046141236756,0.931500154883916,1184.0284601862,0.695079,1.51335686996263e-11,-0.789241326061538,1.307727,25,"Aurignac/160/S4A10950_20210609_130000.wav",45
1,8.01707772898095,0.970611330767681,0.851974742990398,0.826936339074364,791.69803969285,0.437976,7.13994467628256e-12,0.999394957104886,1.980606,12,"Aurignac/188/20200529_000000.wav",46
1,8.90662732589991,0.969012572117729,0.949469406974294,0.920047792199255,617.240440247512,0.02434,7.21768972323055e-12,0.969258389814806,2.301583,10,"Aurignac/188/20200529_070000.wav",47
0.248424842484248,1.70645596297484,0.932462562317465,0.961454456910643,0.896520286442446,625.748706277012,0.528642,3.62546785346772e-12,0.397527261951691,1.655379,12,"Aurignac/188/20200529_130000.wav",48
0.70620043258832,28.6901502497879,0.996741461521669,0.947998862930809,0.944909772158535,1187.32364307309,0.762623,2.13358160881234e-11,0.520321722804835,1.089064,10,"Aurignac/192/S4A09568_20200527_130000.wav",49
0.991338866835078,39.3006371488052,0.99722108735945,0.91569426073337,0.913149626377338,1183.53902797906,0.769114,2.14043661991104e-11,0.997774598293914,1.090514,16,"Aurignac/192/S4A09568_20200528_000000.wav",50
0.925432276657061,58.376768065422,0.996003459678641,0.965568523564538,0.961709590027077,1322.56102583172,0.546183,2.13910260806721e-11,0.631536800529525,1.767258,29,"Aurignac/192/S4A09568_20200528_070000.wav",51
0.0226049515608181,20.3259794353219,0.985513381853146,0.98317033345637,0.968927520262273,1305.24941111682,0.898742,2.15709959812105e-11,-0.0905493984066115,0.038165,9,"Aurignac/201/S4A08064_20190424_130000.wav",52
0.00215905001799208,17.8465557432211,0.980255824387199,0.972214024239388,0.953018459811577,1112.03488513928,0.894452,1.82431700899322e-11,0.0597776976474777,0.088462,19,"Aurignac/201/S4A08064_20190425_000000.wav",53
0.0623873061666066,16.0634085965841,0.973984427172364,0.988199486034559,0.962490910337395,1222.50373233311,0.899174,1.5168876347009e-11,0.132956397836924,0.018996,17,"Aurignac/201/S4A08064_20190425_070000.wav",54
0.203243243243243,29.859270322193,0.996027684552944,0.954312343135038,0.950521513473086,1161.84421236264,0.861079,2.11794547576534e-11,0.66021528903146,0.501581,7,"Aurignac/203/S4A08058_20190421_130000.wav",55
0.269119769119769,14.2258239376085,0.998980260345811,0.974780257266165,0.97378623518371,1150.99063601014,0.894385,2.15069446358804e-11,0.519044789364937,0.113768,30,"Aurignac/203/S4A08058_20190422_000000.wav",56
0.99963924963925,76.669691943458,0.997608489980813,0.966026504900982,0.963716242835711,1280.41578853024,0.393002,2.13818757817504e-11,0.961668993755929,2.00492,21,"Aurignac/203/S4A08058_20190422_070000.wav",57
1,6.47802570134694,0.978866556019389,0.897979333130536,0.879001937198075,614.64261693255,0.004961,8.65179699824474e-12,0.975753593552376,2.302547,7,"Aurignac/208/20190617_000000.wav",58
1,2.39589560051308,0.976552371522074,0.830547998082679,0.811073617190551,568.343277749364,0.185583,8.34201285316177e-12,0.566427397005481,2.246659,9,"Aurignac/208/20190617_070000.wav",59
1,1.82282333709566,0.970726274979214,0.959503727759317,0.931415479476472,592.328703161846,0.063993,7.35914060127162e-12,0.786725675337504,2.295363,11,"Aurignac/208/20190617_130000.wav",60
1,44.9122248962338,0.992612979294226,0.941490131419541,0.934535324324463,1223.14050572084,0.778093,2.10952068001216e-11,0.997605659614458,1.016737,21,"Aurignac/211/S4A10954_20210609_000000.wav",61
0.191298094210716,23.098051777491,0.979399791842209,0.980616639293384,0.960415732400947,1134.55010769813,0.862643,1.79964706870101e-11,0.540729706681508,0.427838,14,"Aurignac/211/S4A10954_20210609_070000.wav",62
0.000719424460431655,17.5221044832849,0.972022107971337,0.982639237453924,0.955147062965311,1134.49489479294,0.9,1.55158250338147e-11,0.320892902490436,0,16,"Aurignac/211/S4A10954_20210609_130000.wav",63
1,36.7332730559164,0.995779995511672,0.933767706588512,0.929827202675652,1180.1430203791,0.767661,2.13463105793649e-11,0.972216247795377,1.094878,17,"Aurignac/212/S4A10922_20210609_000000.wav",64
0.189140596907587,45.1599391355697,0.973373345670959,0.967620862838845,0.941856356602466,1304.560746397,0.841839,1.56943892138431e-11,0.619352213054458,0.574133,18,"Aurignac/212/S4A10922_20210609_070000.wav",65
0.119870410367171,32.2943996964584,0.973007750589348,0.944707448860996,0.919207669781239,1340.59178747834,0.813696,1.57001590059424e-11,0.832167830333536,0.854017,12,"Aurignac/212/S4A10922_20210609_130000.wav",66
1,46.1072714503739,0.991817234347354,0.941564134824788,0.933859536162581,1226.98821526624,0.698733,2.11315306765973e-11,0.985273942208412,1.359682,21,"Aurignac/217/S4A10954_20190619_000000.wav",67
0.975135135135135,45.3318798024488,0.995865535450838,0.973777408396807,0.969751360223016,1309.00810678293,0.552751,2.10141875181852e-11,-0.572959344682278,1.754684,25,"Aurignac/217/S4A10954_20190619_070000.wav",68
0.0456342076895437,20.2828000915542,0.976333529627207,0.982389877961023,0.959140177019727,1233.61081566395,0.898847,1.75616271986066e-11,0.668067013447294,0.029391,26,"Aurignac/217/S4A10954_20190619_130000.wav",69
1,2.60202456159903,0.980402703602979,0.966730618799181,0.947785312326498,560.247133258982,0.003235,8.95997975546031e-12,0.701362958223115,2.302568,7,"Aurignac/23/20200528_130000.wav",70
1,1.04692845674613,0.980714272054287,0.898548275420988,0.881219117835129,562.019848400241,0.000531,9.02110719673812e-12,0.716301858467299,2.302585,8,"Aurignac/23/20200529_000000.wav",71
1,13.0131074358268,0.960220251209384,0.950535613073203,0.912723545168616,578.886853411258,0.353832,6.1608354436281e-12,0.94103826070799,2.087097,7,"Aurignac/23/20200529_070000.wav",72
1,34.4853977667927,0.995159327833604,0.939848122774119,0.935298626125567,1138.10543923077,0.767107,2.12829738503112e-11,0.907802414364799,1.046581,14,"Aurignac/239/S4A10922_20200529_000000.wav",73
1,57.6870520546597,0.997636810106692,0.989011645389034,0.986674423064287,1317.77459039408,0.469125,2.14574612115751e-11,0.618472242230268,1.928424,28,"Aurignac/239/S4A10922_20200529_070000.wav",74
0.999640287769784,32.9392283415801,0.996686366197838,0.963539807711973,0.960346989635409,1156.33438283684,0.5485,2.14196246025188e-11,0.145742656433578,1.732169,29,"Aurignac/239/S4A10922_20200529_130000.wav",75
1,5.54319162941152,0.97901871445635,0.880586023733492,0.862110196923792,618.069085221751,0.014005,8.64558439439783e-12,0.971461031599536,2.302277,2,"Aurignac/241/20190619_000000.wav",76
0.960741941292995,8.6188249040126,0.927197369215299,0.936171717124454,0.868015953251563,583.85335255861,0.456758,3.65081792240102e-12,-0.44146797232226,1.946745,7,"Aurignac/241/20190619_070000.wav",77
1,6.03397711688253,0.973134751084049,0.911330302364506,0.886847186946834,617.833610742643,0.270421,7.88740104675839e-12,0.867409298155535,2.174823,8,"Aurignac/241/20190619_130000.wav",78
1,6.14694724303988,0.957607740865598,0.899397883836129,0.861270375679616,669.300921814327,0.128386,5.69394464067257e-12,0.98944065595482,2.27704,11,"Aurignac/256/20190513_130000.wav",79
1,1.94050747366783,0.98033832277166,0.901181858773314,0.883463111942078,567.375560980455,0.006818,8.836965541048e-12,0.654706579133138,2.302511,8,"Aurignac/256/20190514_000000.wav",80
1,5.91489589102342,0.979426210185206,0.918908120037313,0.900002697516558,581.106318433421,0.033507,8.67314517626289e-12,0.749038680534331,2.3008,9,"Aurignac/256/20190514_070000.wav",81
0.999820143884892,11.6350581037972,0.95080484887696,0.858441215795705,0.816210070454389,768.958312211318,0.393236,4.4308628164482e-12,0.999758519066048,2.04628,10,"Aurignac/266/20190618_000000.wav",82
1,1.71370575963194,0.978691913501001,0.818062568540403,0.800631220568351,560.716178164025,0.025234,8.70352309668268e-12,0.179801815744794,2.301502,6,"Aurignac/266/20190618_070000.wav",83
0.25229275310196,3.08189712941144,0.963178469194714,0.918442466686372,0.884624009106397,579.538638413475,0.864236,6.69289018826316e-12,0.274118898808251,0.435638,11,"Aurignac/266/20190618_130000.wav",84
1,7.21783643630194,0.916574395090755,0.887431508305811,0.813396997909876,601.917952685163,0.395442,2.05389116628827e-12,0.999244938207056,2.047454,7,"Aurignac/272/20190619_000000.wav",85
1,11.9503989167232,0.960183789222395,0.955245023551088,0.91721078634912,617.094452295479,0.136021,6.6265277847817e-12,0.975191192374114,2.273212,11,"Aurignac/272/20190619_070000.wav",86
1,3.77116419748633,0.978658345575164,0.939303956230278,0.91925765579653,580.730923730252,0.501718,8.61708969725302e-12,0.907082397109948,1.826012,10,"Aurignac/272/20190619_130000.wav",87
1,2.23802865635506,0.949295018929582,0.880060274552202,0.835436834990205,566.201801662104,0.169142,6.35211840686402e-12,0.608172328012378,2.256524,6,"Aurignac/283/20200528_000000.wav",88
1,3.79974275760075,0.978559285312688,0.915828907693356,0.896192881381111,583.586476099467,0.016112,8.60768147048467e-12,0.651705868284915,2.302176,15,"Aurignac/283/20200528_070000.wav",89
1,1.6844693791684,0.980279344994112,0.908558212217674,0.890640849161763,567.786921522381,0.001114,8.95971438089399e-12,0.516383198760271,2.302583,8,"Aurignac/283/20200528_130000.wav",90
0.0518358531317495,17.3160586420141,0.99950886899175,0.978549475362855,0.978068879372398,1176.34632810696,0.801709,2.14612773435836e-11,0.714512053829159,0.612562,29,"Aurignac/296/S4A10922_20210518_000000.wav",91
1,66.4680492680694,0.994882731956258,0.960089631708187,0.955176595716718,1200.23200542692,0.497528,2.12332637415916e-11,0.965687313985616,1.840713,21,"Aurignac/296/S4A10922_20210518_070000.wav",92
0.976542764345002,34.6766952027128,0.991272672500516,0.957439056712963,0.949083172504232,1135.22863259621,0.769599,2.11651328311136e-11,0.815049955587435,1.085605,8,"Aurignac/296/S4A10922_20210518_130000.wav",93
0.221063982746226,9.63871425956977,0.995223532090958,0.990981543706819,0.98624815216485,1182.677627543,0.871306,2.1367436965423e-11,0.594191807502479,0.267417,33,"Aurignac/299/S4A08064_20190422_000000.wav",94
0.986700215672178,76.7768696510283,0.989203162118351,0.967882720087778,0.957432647270541,1273.97322373557,0.393758,1.94029361993761e-11,0.989070461942194,2.010463,18,"Aurignac/299/S4A08064_20190422_070000.wav",95
1,55.5940357126378,0.981493172699537,0.978823213892588,0.960708301715394,1215.98472830331,0.255286,1.88096503244388e-11,0.971366233947366,2.189551,31,"Aurignac/299/S4A08064_20190422_130000.wav",96
1,62.2228273400777,0.977603448156781,0.933958535300282,0.913041084545012,1309.96892449831,0.51385,1.67358672362858e-11,0.999871491237428,1.817605,24,"Aurignac/302/S4A10954_20190618_000000.wav",97
0.988472622478386,49.0757574850885,0.998490991183405,0.948906444725805,0.94747453653459,1396.9351094125,0.569116,2.14657771714189e-11,0.860616063071018,1.705324,27,"Aurignac/302/S4A10954_20190618_070000.wav",98
0.558240173097728,20.0362447609458,0.988688133393427,0.981605600137055,0.970501808528039,1220.77378421969,0.596921,1.95784067064343e-11,0.884123353111108,1.575521,26,"Aurignac/302/S4A10954_20190618_130000.wav",99
1,7.21783565842783,0.938906512887671,0.851589104860838,0.799562556858023,679.92806447441,0.494385,4.08312402381089e-12,0.996707800516886,1.882847,9,"Aurignac/306/20190618_000000.wav",100
0.996034607065609,5.15175988034729,0.94583175053627,0.93519301422469,0.884535245733429,594.511775763485,0.421445,6.97017372259277e-12,0.880830144473974,2.003288,14,"Aurignac/306/20190618_070000.wav",101
1,1.60890501508049,0.978036595704824,0.924760972366501,0.904450073254015,572.664972578089,0.027399,8.6091607673936e-12,0.674822920082757,2.301415,10,"Aurignac/306/20190618_130000.wav",102
0.995146503685062,1.01551799729754,0.913474803415764,0.984988623239933,0.899762288980862,679.977420251943,0.321838,1.97076521306032e-12,0.739553891633761,2.11526,20,"Aurignac/320/20200528_000000.wav",103
1,2.90538016731956,0.980363527137616,0.944150638364573,0.925610849976325,598.485473509828,0.002122,8.94910343124754e-12,0.341479291741595,2.302578,14,"Aurignac/320/20200528_070000.wav",104
1,2.7638120514945,0.980243578149922,0.955890747252229,0.937005766406927,597.914781574025,0.001544,8.95096931768493e-12,0.372562204104103,2.302581,10,"Aurignac/320/20200528_130000.wav",105
1,4.79385745141013,0.979766923192227,0.901091151321234,0.882859304845746,580.545109449864,0.010935,8.8312450615982e-12,0.374539854608714,2.302397,12,"Aurignac/323/20200528_000000.wav",106
1,4.6796303769503,0.98036849898436,0.883919920386871,0.866567245572052,576.751602923023,0.027917,8.95122980553927e-12,0.31335981571812,2.30134,6,"Aurignac/323/20200528_070000.wav",107
1,2.43910955119781,0.980900733178292,0.908491457675611,0.891139936920223,568.490243639565,0.003174,9.05540325878939e-12,0.260937806163603,2.302569,8,"Aurignac/323/20200528_130000.wav",108
1,1.19718315566167,0.980683325403258,0.786981155357143,0.771779296465341,564.006153757782,0.000654,8.97011066756507e-12,0.755534379195937,2.302584,3,"Aurignac/328/20190522_000000.wav",109
1,13.7673547975045,0.966784427158124,0.964200295858391,0.932173830697148,632.819238608109,0.264441,6.73583200131854e-12,0.958938686569044,2.16838,11,"Aurignac/328/20190522_070000.wav",110
1,5.09199413452134,0.970915668621794,0.903142721044294,0.876875418863627,577.001994369551,0.472449,8.14653947052002e-12,0.921683259851421,1.925798,14,"Aurignac/328/20190522_130000.wav",111
0.00936599423631124,20.4720827600113,0.986640356273779,0.97785863873847,0.964794795710317,1138.41661544317,0.89974,2.00110893609116e-11,0.439751398002662,0.009035,13,"Aurignac/333/S4A10950_20210518_000000.wav",112
0.922910662824208,42.3916445657887,0.998580063579023,0.944926435726217,0.943584700264986,1256.36582404466,0.624605,2.14282724524879e-11,0.934281420095877,1.578703,18,"Aurignac/333/S4A10950_20210518_070000.wav",113
0.0237410071942446,28.2619719026056,0.97693320824746,0.986959936837149,0.964193937506027,1249.97836550463,0.844316,1.56723670180524e-11,0.542067783895673,0.516604,27,"Aurignac/333/S4A10950_20210518_130000.wav",114
1,29.0542903898672,0.999740602050572,0.944350208439349,0.944105245931739,1106.84311156914,0.772816,2.14661517097921e-11,-0.288121017578108,1.004331,7,"Aurignac/347/S4A09568_20200529_000000.wav",115
1,97.7502806237611,0.994948626398648,0.982926343353934,0.977961215171043,1241.77119690497,0.396312,2.10563400790259e-11,0.965887326309181,2.020287,32,"Aurignac/347/S4A09568_20200529_070000.wav",116
0.999640933572711,51.0453506992879,0.998001737004966,0.947067816001697,0.945175325431193,1207.63815362669,0.596982,2.13924194806987e-11,0.898490972553452,1.622145,18,"Aurignac/347/S4A09568_20200529_130000.wav",117
1,2.28794818518837,0.980954509318019,0.836362334082749,0.820433403042216,570.094835989272,0.010359,8.98536489565438e-12,0.427266763555097,2.30241,9,"Aurignac/352/20200528_000000.wav",118
1,3.52416484258946,0.975216272293861,0.898527882883437,0.876259012497681,587.613539564604,0.458322,8.0942127205562e-12,0.563353330613853,1.945397,11,"Aurignac/352/20200528_070000.wav",119
0.670808571943094,6.11086147654362,0.926311000211066,0.906903348662695,0.840074547994506,579.20515843954,0.566051,4.39493297093002e-12,-0.714828356740329,1.707535,7,"Aurignac/352/20200528_130000.wav",120
0.999278499278499,56.6404589547042,0.988320993513607,0.934327860800663,0.923415839653954,1128.53671123566,0.550397,1.84421391835201e-11,-0.16676019860558,1.649111,11,"Aurignac/355/S4A10950_20200528_000000.wav",121
1,52.2225912790837,0.997457218493589,0.962351857560722,0.959904807054656,1232.71257834872,0.580276,2.14227458200233e-11,0.911022117492471,1.685823,20,"Aurignac/355/S4A10950_20200528_070000.wav",122
0.802090843547224,35.2298256464498,0.980929234750732,0.972181214146056,0.953640974431328,1156.42351342498,0.533542,1.68196865219075e-11,0.880278662932724,1.763543,12,"Aurignac/355/S4A10950_20200528_130000.wav",123
0.475315315315315,0.623689145210623,0.772817140145831,0.976349903773094,0.754539940415579,1624.69930705209,0.002364,1.22164868596954e-13,0.811539566136226,2.302566,23,"Aurignac/386/20200528_000000.wav",124
0.999640740075445,9.33715932415668,0.948926740585823,0.945294518800446,0.897015246618951,565.718773783109,0.424322,4.87919864879309e-12,-0.435416849294302,2.008551,9,"Aurignac/386/20200528_070000.wav",125
0.589083048099442,1.82514233014541,0.91713245232253,0.900722540926055,0.826081872821693,1059.21080323715,0.040693,3.57409987691703e-12,0.655694820186469,2.299665,17,"Aurignac/386/20200528_130000.wav",126
0.954414931801866,25.8199928515659,0.993340617867571,0.938963719930329,0.932710801710826,1257.28594089493,0.716809,2.14122782137137e-11,0.812787078719121,1.299286,25,"Aurignac/396/S4A10954_20200528_000000.wav",127
0.521253602305475,60.4282616024364,0.960242103136468,0.921711022322685,0.885065730559199,1816.61335456059,0.544683,1.37585433559721e-11,0.999072785325,1.77012,21,"Aurignac/396/S4A10954_20200528_070000.wav",128
0.954529050884157,32.0718361921692,0.998689917936145,0.905355422233465,0.904169332333383,1249.15690017186,0.709561,2.1408682094622e-11,0.987786351348413,1.325093,16,"Aurignac/396/S4A10954_20200528_130000.wav",129
0.10519690703111,4.73054807625689,0.944603055613598,0.931570408718443,0.879964254594649,629.353017052611,0.128762,5.53124439440611e-12,0.86112378330133,2.269431,12,"Aurignac/41/20200528_130000.wav",130
0.484313018391634,3.98048602937334,0.88677351172457,0.941873784950727,0.835228723882069,598.1829220381,0.546247,2.67270037600439e-12,0.827835409658522,1.734275,12,"Aurignac/41/20200529_000000.wav",131
0.976568132660418,14.6441754416009,0.939508692828169,0.940957396065096,0.884037653184116,652.871792656677,0.454217,4.88410744078989e-12,0.997287417264174,1.946602,10,"Aurignac/41/20200529_070000.wav",132
1,2.6702572119674,0.978296813562798,0.863028182552373,0.84429772100588,575.876242401821,0.049077,8.8551480471137e-12,0.427606712126013,2.298752,3,"Aurignac/423/20200528_000000.wav",133
1,3.92115451352187,0.980249270047037,0.915444017556738,0.897363329978919,574.518745347884,0.036169,8.92415032320048e-12,0.667315330824175,2.300532,7,"Aurignac/423/20200528_070000.wav",134
0.376258992805755,3.19586534643894,0.946537784981482,0.874119660426047,0.827387287188436,568.949028165349,0.412971,4.7160579685539e-12,-0.143040422606076,2.000112,8,"Aurignac/423/20200528_130000.wav",135
1,19.3535419327165,0.999601666061929,0.931037809592742,0.930666945635554,1206.21797758816,0.725746,2.14629857478632e-11,0.970737329350362,1.25308,29,"Aurignac/461/S4A10954_20200529_000000.wav",136
0.922466642625316,59.4857678636948,0.998343939651891,0.957719220768813,0.956133179942676,1202.20713858334,0.427539,2.15183099977476e-11,0.963988786986482,1.936843,21,"Aurignac/461/S4A10954_20200529_070000.wav",137
0.715005397625045,26.0959256719855,0.999499290420424,0.963970801091547,0.963488131677009,1177.49726235641,0.70442,2.14594915411159e-11,0.716692891211525,1.239818,21,"Aurignac/461/S4A10954_20200529_130000.wav",138
0.0504322766570605,29.2662810439696,0.974643885533735,0.969341375505628,0.944762644631421,1129.67308172409,0.881103,1.47659708847571e-11,0.650849658820969,0.299387,10,"Aurignac/496/S4A09568_20210520_130000.wav",139
0.790513833992095,20.3474923942612,0.999583312344048,0.951396157998374,0.950999722963416,1131.05413774583,0.880415,2.1411482234339e-11,0.503335829787712,0.276908,10,"Aurignac/496/S4A09568_20210521_000000.wav",140
0.931630082763584,71.5672943370853,0.997203690588218,0.963080862913125,0.960387790831854,1245.25809579472,0.477506,2.12881546084452e-11,0.970834547733602,1.893385,28,"Aurignac/496/S4A09568_20210521_070000.wav",141
0.776273601710011,28.50024452835,0.984671469993809,0.934225262109442,0.919904962146656,1211.42889757911,0.782779,1.94490939029813e-11,0.906067826817042,1.024071,13,"Aurignac/5/S4A10950_20190620_000000.wav",142
0.353025936599424,40.47027886161,0.982613596886888,0.963740010733387,0.946984038410541,1235.94065043876,0.822498,1.89245746251778e-11,0.309320674673473,0.70815,26,"Aurignac/5/S4A10950_20190620_070000.wav",143
0.974395961053011,48.2194677061523,0.999253951808552,0.972214804523407,0.971489485426793,1244.30068725683,0.509785,2.1509918939009e-11,0.95359679570832,1.839512,24,"Aurignac/5/S4A10954_20190620_130000.wav",144
1,2.70868030482689,0.980967827196853,0.850420069272835,0.83423472755917,570.055486089083,0.006206,9.16698650867653e-12,0.544340723193615,2.302523,10,"Aurignac/507/20200529_000000.wav",145
1,3.94410326772674,0.980908767136731,0.858203377152895,0.841819216635625,571.452350996563,0.02743,9.07379095120287e-12,0.454585337415347,2.301414,7,"Aurignac/507/20200529_070000.wav",146
1,2.35841168807882,0.980324887119536,0.893092184978059,0.875520495425956,566.489472082489,0.010263,8.9510817193612e-12,0.495248579169375,2.302422,8,"Aurignac/507/20200529_130000.wav",147
0.99981981981982,1.73714494878242,0.965784327184846,0.828010994755947,0.799680041472027,564.845184691203,0.501206,8.18301520628421e-12,0.653789033059236,1.867264,4,"Aurignac/533/20200529_000000.wav",148
1,3.10021838286809,0.980610328421619,0.843935544283927,0.827571911246939,575.33948427912,0.01365,8.98933802688023e-12,0.617008242583401,2.302285,8,"Aurignac/533/20200529_070000.wav",149
1,1.97349591213747,0.983412587920162,0.846878248122384,0.832830729639327,565.290133036934,0.150358,9.57656269831852e-12,0.47041586104888,2.266014,4,"Aurignac/533/20200529_130000.wav",150
0.317240136912268,15.3113402161636,0.907348813664878,0.946938500988258,0.859203525485295,623.818054939681,0.380016,3.94370181625885e-12,0.984089016516524,2.067981,16,"Aurignac/539/20200529_000000.wav",151
0.587284482758621,2.58083350950389,0.916253944479738,0.943379211046618,0.864374923261647,585.898576439014,0.234428,2.22754213878726e-12,0.224155574618887,2.195179,14,"Aurignac/539/20200529_070000.wav",152
0.711611161116112,1.89100429645636,0.968297726397133,0.962930247765161,0.932403169590034,590.317416973994,0.501004,6.83895340482724e-12,0.535720703991308,1.768546,12,"Aurignac/539/20200529_130000.wav",153
0.933873873873874,3.40879718933289,0.913108213178059,0.832985754078638,0.760606133509523,577.44783953928,0.660589,3.34281693440675e-12,0.83539694122423,1.453939,5,"Aurignac/566/20200529_000000.wav",154
1,3.62014344174804,0.980429851777894,0.87356631899692,0.856470496652311,585.154799512262,0.061102,9.02528550346355e-12,0.687280623288761,2.296707,11,"Aurignac/566/20200529_070000.wav",155
0.651703623580314,5.35228121161671,0.950516326598518,0.951185491816403,0.904117339595132,641.851268630813,0.423138,5.78320584525778e-12,0.424760306922048,1.995141,10,"Aurignac/566/20200529_130000.wav",156
0.820309686712279,2.64202059493315,0.870516776870573,0.863189866116143,0.751421260078766,570.676691334584,0.706783,2.25373537940742e-12,0.696719055499676,1.321894,8,"Aurignac/590/20200529_000000.wav",157
1,13.1595388427007,0.951781666223364,0.949072506242473,0.903309811358245,723.593975796327,0.234783,4.72352850165732e-12,0.988693205409025,2.208153,13,"Aurignac/590/20200529_070000.wav",158
1,8.24876920385287,0.965465496881982,0.925382809184151,0.893425173675021,629.316522218037,0.052869,6.91304360249064e-12,0.960882390346292,2.298162,12,"Aurignac/590/20200529_130000.wav",159
0.998917748917749,35.6148029649314,0.997861529029319,0.924436424372819,0.922459543915058,1137.23886005022,0.67357,2.15098909001265e-11,0.972296520756258,1.421867,15,"Aurignac/61/S4A10950_20190618_000000.wav",160
0.998917358354385,50.0211649135461,0.999150007518918,0.959484969382551,0.958669414372865,1264.70409334409,0.616821,2.15117719001466e-11,0.783061626389966,1.620505,16,"Aurignac/61/S4A10950_20190618_070000.wav",161
0.0165467625899281,26.1199928307546,0.973431400913462,0.984477906559122,0.958321707750198,1113.79754524328,0.898935,1.57676361729629e-11,0.656931539752991,0.026715,13,"Aurignac/61/S4A10950_20190618_130000.wav",162
0.99963976945245,23.735755337447,0.999756723997781,0.926499067733951,0.926273672744693,1144.7749379287,0.729488,2.14770929871844e-11,0.540287585155964,1.243045,20,"Aurignac/615/S4A10950_20200529_000000.wav",163
0.859459459459459,53.8184592184662,0.993377493073407,0.931670519529946,0.925500525061056,1266.84126270233,0.629112,2.11205778154274e-11,0.883631770557298,1.51764,17,"Aurignac/615/S4A10950_20200529_070000.wav",164
0.93304535637149,35.0403779031519,0.999071351858005,0.955199032502129,0.954311988695361,1182.38656798335,0.65829,2.14890177190311e-11,0.839519816075922,1.501946,26,"Aurignac/615/S4A10950_20200529_130000.wav",165
1,29.6535261715176,0.996851313920483,0.895498053556653,0.892678411301185,1126.34832846664,0.791674,2.14863435260412e-11,0.987123825141096,0.959559,4,"Aurignac/66/S4A10950_20190619_000000.wav",166
1,84.4609757329333,0.996485090752094,0.971971260651614,0.968554869878851,1307.56808530199,0.398383,2.14276153871772e-11,0.97768352935084,1.986163,23,"Aurignac/66/S4A10950_20190619_070000.wav",167
0.999280316660669,64.2728644858862,0.989526170385747,0.977180158011819,0.966945339534374,1248.06919118904,0.414832,2.07435222474919e-11,0.913738534697099,1.962557,22,"Aurignac/66/S4A10950_20190619_130000.wav",168
1,2.5867101715186,0.980142743835242,0.941296876259057,0.922605303060094,569.498455607536,0.022912,8.85599300724782e-12,0.697314294642976,2.301696,10,"Aurignac/8/20200528_130000.wav",169
1,0.832635531024419,0.980918353489253,0.928437249260418,0.91072113786262,561.030409327335,0.000975,9.03819926983058e-12,0.736757523572278,2.302583,10,"Aurignac/8/20200529_000000.wav",170
1,10.2256194466379,0.970728886026019,0.918494975090818,0.891609603990406,583.594824169187,0.073137,7.2769145019621e-12,0.973082500007382,2.293373,10,"Aurignac/8/20200529_070000.wav",171
1,7.40819081110938,0.976029758276609,0.862813369267506,0.84213152424399,587.24292286254,0.039581,8.12358882370024e-12,0.998478506435022,2.300092,3,"Aurignac/85/20190620_000000.wav",172
1,7.64352478189623,0.945928364153682,0.945386335957107,0.894267750265149,580.014077893392,0.411652,5.50460419044336e-12,-0.302921463922469,2.017968,10,"Aurignac/85/20190620_070000.wav",173
1,2.7466277866104,0.979020008145424,0.942036991847352,0.922273063431686,578.334496751403,0.018692,8.80044733396904e-12,0.73819831325404,2.302024,6,"Aurignac/85/20190620_130000.wav",174
1,3.75450300412366,0.978364286180687,0.957409489660102,0.936695251933922,571.535726221104,0.244671,8.58806497452075e-12,0.311805353528852,2.209338,11,"Aurignac/91/20200528_130000.wav",175
1,2.74627089563962,0.9770516922614,0.840610502918372,0.821319914409102,564.450023273284,0.006175,8.56659109000641e-12,0.847155043650531,2.302525,2,"Aurignac/91/20200529_000000.wav",176
1,3.06318044917735,0.974700101693625,0.86382699458866,0.841972259471265,564.593870615946,0.119509,8.03719393484275e-12,0.256850930352027,2.279991,9,"Aurignac/91/20200529_070000.wav",177
0.858789625360231,61.4064291568926,0.993393245024607,0.958366484050643,0.952034791513891,1238.79510833464,0.652988,2.12503357464732e-11,0.865376332290623,1.51288,21,"Aurignac/96/S4A08058_20190423_130000.wav",178
0.164926179330212,15.8131920883076,0.999156189664213,0.964756975745126,0.96394290383747,1171.90137398892,0.892195,2.14580346525224e-11,0.304595275396698,0.12366,18,"Aurignac/96/S4A08058_20190424_000000.wav",179
0.898561151079137,53.3283151019699,0.988780228439735,0.966949813682765,0.956100857663004,1296.75314452216,0.540287,2.04484307556378e-11,0.833431702845603,1.748187,25,"Aurignac/96/S4A08058_20190424_070000.wav",180
0.77528901734104,22.202972716552,0.977783283859387,0.958441342509002,0.937147923265051,1105.13192547342,0.78031,1.73793861864111e-11,-0.823327365521572,0.965316,5,"SpatialTreeP/2001/SMA06988_20220522_235702.wav",190
1,69.3897950747644,0.970089401406218,0.940390675214152,0.912263027206486,1538.40095604621,0.546566,1.56437020806011e-11,0.909165643698782,1.753314,16,"SpatialTreeP/2001/SMA06988_20220523_065702.wav",191
1,52.8598329165228,0.982706365948622,0.973935287760338,0.957092407304087,1510.15656485039,0.274821,1.89916881237502e-11,0.632146852513654,2.158565,16,"SpatialTreeP/2001/SMA06988_20220523_125702.wav",192
1,32.5896344332078,0.979494604436735,0.921182665397352,0.902293450457356,1096.02612985227,0.235276,1.82102029206931e-11,-0.654498393345381,2.199007,1,"SpatialTreeP/2002/SMA07142_20220521_235402.wav",193
1,57.4346458215002,0.971831303827446,0.937989647249582,0.911567701863207,1252.46729505885,0.663454,1.62776239964091e-11,0.470640107964533,1.465531,17,"SpatialTreeP/2002/SMA07142_20220522_065402.wav",194
0.0310805926996747,15.4447258368212,0.906677211576788,0.941731051820678,0.853846084120048,1456.88749548666,0.409305,4.258829110848e-12,-0.0582746112562908,1.930935,36,"SpatialTreeP/2002/SMA07142_20220522_125402.wav",195
0.00577200577200577,13.5324477041523,0.999927871217231,0.956376866691907,0.956307884392644,1135.97059292967,0.899722,2.14835739586872e-11,0.0605496747676401,0.010543,8,"SpatialTreeP/2003/SMA04564_20220621_235802.wav",196
0.280346820809249,30.9334185625989,0.999992900094902,0.937983841118262,0.937977181522006,1305.5928994295,0.83484,2.15318109167074e-11,0.872352300928903,0.680565,8,"SpatialTreeP/2003/SMA04564_20220622_065802.wav",197
0.260838150289017,19.0177537008726,0.999960733025386,0.976599084916265,0.97656073682479,1487.79819922322,0.773963,2.15283895502065e-11,0.491334674126362,1.026555,6,"SpatialTreeP/2003/SMA04564_20220622_125802.wav",198
1,18.3046846451549,0.990654053400297,0.958470959518336,0.949513141113312,1097.44882999779,0.488289,2.10617831355175e-11,0.0306759089129171,1.886286,7,"SpatialTreeP/2004/SMA06989_20220616_235202.wav",199
1,35.3841619571857,0.986517367579874,0.954437087829303,0.941568763405965,1224.37858778298,0.451279,2.01525019348109e-11,0.595797027626334,1.91987,12,"SpatialTreeP/2004/SMA06989_20220617_065202.wav",200
1,20.2576626797698,0.97904800616105,0.958109915001003,0.938035601964865,1117.38203015589,0.593311,1.74457909534949e-11,0.19522678534909,1.672206,7,"SpatialTreeP/2004/SMA06989_20220617_125202.wav",201
0.510292524377031,30.0460351814698,0.997696567502357,0.958568903160209,0.95636090439744,1123.69341048689,0.740243,2.14124170506158e-11,-0.604808871411206,1.216644,4,"SpatialTreeP/2005/SMA04559_20220615_000702.wav",202
0.665462427745665,51.8417547813524,0.999840128560667,0.961027762312437,0.960874121420836,1261.90419808806,0.801605,2.15282056031796e-11,0.174560127545189,0.908968,22,"SpatialTreeP/2005/SMA04559_20220615_070702.wav",203
0.960982658959538,61.755551530549,0.999813956085101,0.967471036347833,0.967291044248679,1282.67662103124,0.72182,2.1526054073017e-11,0.465451454663988,1.248207,27,"SpatialTreeP/2005/SMA04559_20220615_130702.wav",204
1,30.2294189043366,0.999186543729173,0.943736855928202,0.942969167264736,1258.66750262165,0.616242,2.14492500835693e-11,0.66671605572098,1.587884,1,"SpatialTreeP/2006/SMA05810_20220628_000602.wav",205
1,21.1984052181945,0.999382484086159,0.954792007348043,0.954202408089097,1136.71722043756,0.849227,2.1524392467791e-11,0.287010480922304,0.601395,11,"SpatialTreeP/2006/SMA05810_20220628_070602.wav",206
1,22.9889832550381,0.997378536189664,0.956293505672602,0.953786616855422,1111.36785464245,0.800213,2.15125558170854e-11,0.254738693829849,0.882226,13,"SpatialTreeP/2006/SMA05810_20220628_130602.wav",207
1,41.2250712646979,0.978434483779191,0.93463329681308,0.914477447290149,1338.68788061202,0.386399,1.77638614401708e-11,0.501452155429021,1.990034,6,"SpatialTreeP/2007/SMA07134_20220531_235802.wav",208
1,31.6333322815181,0.978901815540722,0.935164317410914,0.915434048142444,1181.55476554016,0.578593,1.76283573402167e-11,-0.59756120723223,1.645082,7,"SpatialTreeP/2007/SMA07134_20220601_065802.wav",209
1,30.1897243862726,0.978595179946776,0.913877027149414,0.894315653832506,1178.59931802577,0.572604,1.77457000183326e-11,0.159822276799395,1.655057,5,"SpatialTreeP/2007/SMA07134_20220601_125802.wav",210
1,60.6093810210758,0.985878811893648,0.973550531355582,0.959802841171271,1351.69486078124,0.30233,1.92268142588308e-11,0.554273033705919,2.125474,36,"SpatialTreeP/2008/SMA06988_20220707_000902.wav",211
1,41.8447904669877,0.985366335192048,0.930409658442883,0.916794355367149,1288.45492109701,0.360172,1.98327174597394e-11,0.836534744948369,2.053351,11,"SpatialTreeP/2008/SMA06988_20220707_070902.wav",212
1,14.5565130559681,0.9786738983408,0.956208824949129,0.935816618340839,1245.90892547265,0.031623,1.77273532267325e-11,0.661755618697413,2.300893,23,"SpatialTreeP/2008/SMA06988_20220707_130902.wav",213
1,30.7469871714951,0.979065765015121,0.935488806259675,0.915905063763711,1102.40865524656,0.540397,1.79544828890514e-11,-0.760875960353331,1.713305,0,"SpatialTreeP/2009/SMA05744_20220611_235402.wav",214
1,77.5997932969612,0.967972772328681,0.956200012419808,0.925575576922721,1540.25411304192,0.490603,1.4989369230197e-11,0.864185650498848,1.861928,11,"SpatialTreeP/2009/SMA05744_20220612_065451.wav",215
0.985554351751535,51.8631118685748,0.974648631558001,0.965155695047369,0.94068767741833,1305.44352569877,0.605463,1.67289337531837e-11,0.602303423284453,1.622908,20,"SpatialTreeP/2009/SMA05744_20220612_125402.wav",216
1,31.3543758369289,0.979955257620364,0.953186604625469,0.934080224696032,1280.92833949502,0.266838,1.82308934968987e-11,-0.888261179327794,2.182854,1,"SpatialTreeP/2010/SMA04559_20220628_234602.wav",217
1,69.607427627145,0.974087458119991,0.952056798586468,0.92738658692095,1303.08607153692,0.515198,1.66469010202688e-11,0.598582642343384,1.835577,17,"SpatialTreeP/2010/SMA04559_20220629_064602.wav",218
1,62.7143442718106,0.970336396758785,0.960482876662676,0.931991493689374,1286.25296820939,0.287831,1.57271783813381e-11,0.803541367575474,2.160905,21,"SpatialTreeP/2010/SMA04559_20220629_124602.wav",219
1,24.8964284101833,0.979298903927095,0.949865102528526,0.930201853784783,1109.92627482459,0.086092,1.80589246542229e-11,-0.799150112705322,2.289646,2,"SpatialTreeP/2011/SMA07142_20220613_000702.wav",220
0.786950252343187,54.9421588550252,0.968248305242033,0.976902024091424,0.945883729214032,1328.01721862485,0.702036,1.44798581912209e-11,-0.0112825057815253,1.335076,22,"SpatialTreeP/2011/SMA07142_20220613_070702.wav",221
1,48.2228671811046,0.977656369994556,0.953055942870983,0.931761213508984,1278.36881580275,0.432787,1.74505434508629e-11,0.0464966555443287,1.93455,16,"SpatialTreeP/2011/SMA07142_20220613_130702.wav",222
1,45.5638648172321,0.979942044071023,0.978014861519614,0.958397882529369,1098.62622960843,0.034193,1.8164351296825e-11,-0.290798477875223,2.299321,0,"SpatialTreeP/2012/SMA06936_20220705_235202.wav",223
1,37.9116855984037,0.97538855484249,0.978744273554432,0.95465596254262,1102.87257386597,0.188933,1.6639492722371e-11,0.0273525102173485,2.232743,2,"SpatialTreeP/2012/SMA06936_20220706_065202.wav",224
1,45.889416094285,0.979692614213406,0.978127850266323,0.958264630662354,1129.27217790176,0.005926,1.80196827306748e-11,-0.0935085701783206,2.302483,8,"SpatialTreeP/2012/SMA06936_20220706_125202.wav",225
0.102166064981949,23.6377129662083,0.955812610558124,0.961043699075677,0.918577686873959,1152.09611105506,0.867954,1.17371936009081e-11,-0.710686426408078,0.44618,9,"SpatialTreeP/2013/SMA05810_20220522_234702.wav",226
1,49.7681797157522,0.976668288063006,0.941558745600715,0.919590568176602,1428.54801244972,0.234956,1.71570889010972e-11,0.722477744826044,2.192559,20,"SpatialTreeP/2013/SMA05810_20220523_064702.wav",227
1,10.3355122448309,0.979398054199658,0.986033875845016,0.965719659377556,1509.46198357507,0.019834,1.82233171749222e-11,0.736051363970242,2.301873,21,"SpatialTreeP/2013/SMA05810_20220523_124702.wav",228
0.0742877749729535,29.1904112255516,0.999940704584767,0.98277804571374,0.982719771481437,1114.53806852619,0.894955,2.14938787820130e-11,-0.0678746466156658,0.117733,10,"SpatialTreeP/2014/SMA04559_20220623_000902.wav",229
0.679783393501805,35.2162272061384,0.9998835222111,0.980182721221867,0.980068551705781,1187.01367037807,0.778007,2.15037562727998e-11,0.446655543290576,0.943565,15,"SpatialTreeP/2014/SMA04559_20220623_070902.wav",230
0.951885098743268,36.0962182496913,0.999674722497495,0.97883290136484,0.978514509043314,1164.35060017421,0.668637,2.13912281361632e-11,0.734453028106603,1.357103,13,"SpatialTreeP/2014/SMA04559_20220623_130902.wav",231
0.983038614218694,29.9127486247263,0.968991781811008,0.976901756278795,0.946609773470893,1252.11421235568,0.408844,1.50929659219086e-11,-0.0312827718587998,2.027838,14,"SpatialTreeP/2015/SMA06989_20220602_234802.wav",232
0.196248196248196,19.654454867546,0.936909573178852,0.972189914794507,0.910854038118907,1284.62141307405,0.769727,8.68411967265356e-12,0.224087286286456,0.829616,27,"SpatialTreeP/2015/SMA06989_20220603_064802.wav",233
0.329118497109827,26.1053350666995,0.944571734197675,0.976289256864567,0.922175236435123,1234.91071438396,0.706233,9.54840223496634e-12,0.129655574469276,1.313738,19,"SpatialTreeP/2015/SMA06989_20220603_124802.wav",234
1,26.4981824551819,0.996146465164092,0.949316899926483,0.945658674182299,1107.50040920993,0.386111,2.14363318900366e-11,-0.145539058247765,2.013167,12,"SpatialTreeP/2016/SMA06992_20220628_235302.wav",235
1,25.3460138468313,0.992600981495777,0.95650962203305,0.94943238964016,1128.15754040133,0.410758,2.09607498823022e-11,-0.302272536046536,2.000066,14,"SpatialTreeP/2016/SMA06992_20220629_065302.wav",236
1,25.2571089441518,0.974157245039752,0.969343616668727,0.944293107110876,1145.13596625124,0.38411,1.60958630024001e-11,-0.237571266976078,2.045057,20,"SpatialTreeP/2016/SMA06992_20220629_125302.wav",237
